SET SQL_MODE = "NO_AUTO_VALUE_ON_ZERO";
SET time_zone = "+00:00";


/*!40101 SET @OLD_CHARACTER_SET_CLIENT=@@CHARACTER_SET_CLIENT */;
/*!40101 SET @OLD_CHARACTER_SET_RESULTS=@@CHARACTER_SET_RESULTS */;
/*!40101 SET @OLD_COLLATION_CONNECTION=@@COLLATION_CONNECTION */;
/*!40101 SET NAMES utf8 */;

--
-- Βάση δεδομένων: `webcrmv2`
--

-- --------------------------------------------------------

--
-- Δομή πίνακα για τον πίνακα `actiontype`
--

CREATE TABLE IF NOT EXISTS `actiontype` (
  `id` int(11) NOT NULL DEFAULT '0',
  `descr` varchar(50) DEFAULT NULL
) ENGINE=MyISAM DEFAULT CHARSET=utf8;

--
-- Άδειασμα δεδομένων του πίνακα `actiontype`
--

INSERT INTO `actiontype` (`id`, `descr`) VALUES
(1, 'ΕΡΓΑΣΙΕΣ'),
(2, 'ΕΞΟΔΑ'),
(3, 'ΕΙΣΠΡΑΞΕΙΣ'),
(4, 'ΕΞΟΔΑ ΓΡΑΦΕΙΟΥ'),
(5, 'ΑΝΑΛΥΤΙΚΟΣ ΛΟΓΑΡΙΑΣΜΟΣ'),
(6, 'ΠΡΩΤΟΚΟΛΟ');

-- --------------------------------------------------------

--
-- Δομή πίνακα για τον πίνακα `attributes`
--

CREATE TABLE IF NOT EXISTS `attributes` (
  `id` int(11) NOT NULL,
  `descr` varchar(50) DEFAULT NULL
) ENGINE=MyISAM AUTO_INCREMENT=21 DEFAULT CHARSET=utf8;

--
-- Άδειασμα δεδομένων του πίνακα `attributes`
--

INSERT INTO `attributes` (`id`, `descr`) VALUES
(1, 'ΠΕΛΑΤΗΣ'),
(2, 'ΑΝΤΙΔΙΚΟΣ'),
(3, 'ΥΠΕΥΘΥΝΟΣ ΥΠΟΘΕΣΗΣ'),
(4, 'ΔΙΚΗΓΟΡΟΣ ΣΥΝΕΡΓΑΤΗΣ'),
(5, 'ΔΙΚΗΓΟΡΟΣ ΑΝΤΙΔΙΚΟΥ'),
(6, 'ΔΙΚΑΣΤΙΚΟΣ ΕΠΙΜΕΛΗΤΗΣ'),
(8, 'ΦΕΡΩΝ ΤΗΝ ΥΠΟΘΕΣΗ'),
(10, 'ΔΙΚΑΣΤΗΣ'),
(11, 'ΧΕΙΡΙΣΤΗΣ ΥΠΟΘΕΣΗΣ'),
(12, 'ΣΥΜΒΟΛΑΙΟΓΡΑΦΟΣ'),
(13, 'ADMINISTRATOR'),
(14, 'ΠΩΛΗΤΗΣ'),
(15, 'ΥΠΟΨΗΦΙΟΣ ΠΕΛΑΤΗΣ'),
(16, 'ΕΠΑΦΗ'),
(17, 'ΜΗΧΑΝΙΚΟΣ H/Y'),
(18, 'DEVELOPER'),
(19, 'ΓΡΑΜΜΑΤΕΙΑ'),
(20, 'ΦΙΛΟΣ');

-- --------------------------------------------------------

--
-- Δομή πίνακα για τον πίνακα `case2action`
--

CREATE TABLE IF NOT EXISTS `case2action` (
  `id` int(11) NOT NULL,
  `descr` varchar(255) DEFAULT NULL,
  `statusid` int(11) DEFAULT '1',
  `userid` int(11) DEFAULT NULL,
  `caseid` int(11) DEFAULT NULL,
  `personid` int(11) DEFAULT NULL,
  `procedureid` int(11) DEFAULT NULL,
  `proceduretypeid` int(11) DEFAULT NULL,
  `actiontypeid` int(11) DEFAULT NULL,
  `actionstartdate` datetime DEFAULT NULL,
  `duration` datetime DEFAULT '0000-00-00 00:00:00',
  `iscritical` int(11) DEFAULT '0',
  `isreminded` int(11) DEFAULT '0',
  `reminddate` datetime DEFAULT NULL,
  `cost` float DEFAULT '0',
  `notes` text,
  `keywords` text,
  `extraaction1` varchar(250) DEFAULT NULL,
  `extraaction2` varchar(250) DEFAULT NULL,
  `extraaction3` varchar(250) DEFAULT NULL,
  `extraaction4` varchar(250) DEFAULT NULL,
  `extraaction5` varchar(250) DEFAULT NULL,
  `extraaction6` varchar(250) DEFAULT NULL,
  `extraaction7` varchar(250) DEFAULT NULL,
  `extraaction8` varchar(250) DEFAULT NULL,
  `extraaction9` varchar(250) DEFAULT NULL,
  `extraaction10` varchar(250) DEFAULT NULL,
  `isdeleted` int(11) DEFAULT '0',
  `officeexptypeid` int(11) DEFAULT NULL,
  `isanavoli` int(11) DEFAULT '0',
  `accountid` int(11) DEFAULT NULL,
  `documentid` int(11) DEFAULT NULL,
  `planid` int(11) DEFAULT NULL,
  `actionid` int(11) DEFAULT NULL,
  `timefactorid` int(11) DEFAULT '1',
  `fromid` int(11) DEFAULT NULL,
  `toid` int(11) DEFAULT NULL,
  `sendtypeid` int(11) DEFAULT NULL,
  `pinout` tinyint(4) DEFAULT NULL,
  `aacode` varchar(20) DEFAULT NULL,
  `userdel` int(11) DEFAULT NULL,
  `datedel` datetime DEFAULT NULL,
  `isoffaccount` tinyint(4) DEFAULT '0',
  `calendar` tinyint(4) DEFAULT NULL,
  `lastupdate` timestamp NOT NULL DEFAULT CURRENT_TIMESTAMP ON UPDATE CURRENT_TIMESTAMP,
  `entryid` varchar(255) DEFAULT NULL,
  `ParentID` int(11) DEFAULT NULL,
  `Type` int(11) DEFAULT NULL,
  `ActualFinish` int(11) DEFAULT NULL,
  `ActualStart` int(11) DEFAULT NULL,
  `Start` datetime DEFAULT NULL,
  `Finish` datetime DEFAULT NULL,
  `Options` int(11) DEFAULT NULL,
  `Caption` varchar(255) DEFAULT NULL,
  `RecurrenceIndex` int(11) DEFAULT NULL,
  `RecurrenceInfo` text,
  `ResourceID` int(11) DEFAULT NULL,
  `Location` varchar(255) DEFAULT NULL,
  `Message` varchar(255) DEFAULT NULL,
  `ReminderDate` datetime DEFAULT NULL,
  `ReminderMinutes` int(11) DEFAULT NULL,
  `State` int(11) DEFAULT NULL,
  `LabelColor` int(11) DEFAULT NULL
) ENGINE=MyISAM DEFAULT CHARSET=utf8;

-- --------------------------------------------------------

--
-- Δομή πίνακα για τον πίνακα `casenotes`
--

CREATE TABLE IF NOT EXISTS `casenotes` (
  `id` int(11) NOT NULL,
  `caseid` int(11) DEFAULT '0',
  `userid` int(11) DEFAULT '0',
  `insertdate` datetime DEFAULT NULL,
  `descr` longtext
) ENGINE=MyISAM DEFAULT CHARSET=utf8;

-- --------------------------------------------------------

--
-- Δομή πίνακα για τον πίνακα `cases`
--

CREATE TABLE IF NOT EXISTS `cases` (
  `id` int(11) NOT NULL,
  `descr` varchar(255) DEFAULT NULL,
  `opendate` datetime DEFAULT NULL,
  `closedate` datetime DEFAULT NULL,
  `amount` decimal(10,0) DEFAULT NULL,
  `userid` int(11) DEFAULT NULL,
  `folder` varchar(50) DEFAULT NULL,
  `closefolder` varchar(50) DEFAULT NULL,
  `casenb` varchar(50) DEFAULT NULL,
  `isactive` tinyint(4) DEFAULT NULL,
  `iscourt` int(11) DEFAULT NULL,
  `positionid` int(11) DEFAULT NULL,
  `colorid` int(11) DEFAULT NULL,
  `classificationid` int(11) DEFAULT NULL,
  `casetypeid` int(11) DEFAULT NULL,
  `paymenttypeid` int(11) DEFAULT NULL,
  `notes` text,
  `isdeleted` int(11) DEFAULT '0',
  `userdel` int(11) DEFAULT NULL,
  `datedel` datetime DEFAULT NULL,
  `personid` int(11) DEFAULT NULL,
  `casetypelist` varchar(255) DEFAULT NULL,
  `legalkeywords` text,
  `caseextra1` varchar(150) DEFAULT NULL,
  `caseextra2` varchar(150) DEFAULT NULL,
  `caseextra3` varchar(150) DEFAULT NULL,
  `caseextra4` varchar(150) DEFAULT NULL,
  `caseextra5` varchar(150) DEFAULT NULL,
  `caseextra6` varchar(150) DEFAULT NULL,
  `caseextra7` varchar(150) DEFAULT NULL,
  `caseextra8` varchar(150) DEFAULT NULL,
  `caseextra9` varchar(150) DEFAULT NULL,
  `caseextra10` varchar(150) DEFAULT NULL,
  `clients` varchar(255) DEFAULT NULL,
  `users` varchar(255) DEFAULT NULL,
  `path` text,
  `lastupdate` timestamp NOT NULL DEFAULT CURRENT_TIMESTAMP ON UPDATE CURRENT_TIMESTAMP
) ENGINE=MyISAM DEFAULT CHARSET=utf8;

-- --------------------------------------------------------

--
-- Δομή πίνακα για τον πίνακα `casetoperson`
--

CREATE TABLE IF NOT EXISTS `casetoperson` (
  `id` int(11) NOT NULL,
  `caseid` int(11) DEFAULT '0',
  `personid` int(11) DEFAULT '0',
  `attributeid` int(11) DEFAULT '0',
  `isprimary` smallint(6) DEFAULT '0'
) ENGINE=MyISAM DEFAULT CHARSET=utf8;

-- --------------------------------------------------------

--
-- Δομή πίνακα για τον πίνακα `casetype`
--

CREATE TABLE IF NOT EXISTS `casetype` (
  `id` int(11) NOT NULL,
  `descr` varchar(50) DEFAULT NULL
) ENGINE=MyISAM AUTO_INCREMENT=7 DEFAULT CHARSET=utf8;

--
-- Άδειασμα δεδομένων του πίνακα `casetype`
--

INSERT INTO `casetype` (`id`, `descr`) VALUES
(1, 'ΑΣΤΙΚΟ'),
(2, 'ΟΙΚΟΓΕΝΕΙΑΚΟ'),
(3, 'ΠΟΙΝΙΚΟ'),
(4, 'ΕΜΠΟΡΙΚΟ'),
(5, 'ΔΙΚΟΝΟΜΙΚΟ'),
(6, 'ΕΡΓΑΤΙΚΟ');

-- --------------------------------------------------------

--
-- Δομή πίνακα για τον πίνακα `categories`
--

CREATE TABLE IF NOT EXISTS `categories` (
  `id` int(11) NOT NULL,
  `descr` varchar(100) NOT NULL
) ENGINE=MyISAM AUTO_INCREMENT=7 DEFAULT CHARSET=utf8;

--
-- Άδειασμα δεδομένων του πίνακα `categories`
--

INSERT INTO `categories` (`id`, `descr`) VALUES
(1, 'ΔΙΚΑΣΤΗΡΙΑ'),
(2, 'ΥΠΟΘΗΚΟΦΥΛΑΚΙΑ'),
(3, 'ΚΤΗΜΑΤΟΛΟΓΙΚΑ ΓΡΑΦΕΙΑ'),
(4, 'ΓΡΑΦΕΙΑ ΚΤΗΜΑΤΟΓΡΑΦΗΣΗΣ'),
(6, 'SOFTWARE');

-- --------------------------------------------------------

--
-- Δομή πίνακα για τον πίνακα `courts`
--

CREATE TABLE IF NOT EXISTS `courts` (
  `id` int(11) NOT NULL,
  `descr` varchar(100) DEFAULT NULL,
  `type` int(11) DEFAULT '0'
) ENGINE=MyISAM AUTO_INCREMENT=1037 DEFAULT CHARSET=utf8;

--
-- Άδειασμα δεδομένων του πίνακα `courts`
--

INSERT INTO `courts` (`id`, `descr`, `type`) VALUES
(1, 'ΕΙΡΗΝΟΔΙΚΕΙΟ ΑΓ. ΑΝΝΗΣ', 1),
(2, 'ΕΙΡΗΝΟΔΙΚΕΙΟ ΑΓ. ΝΙΚΟΛΑΟΥ', 1),
(3, 'ΕΙΡΗΝΟΔΙΚΕΙΟ ΑΓΙΑΣ', 1),
(4, 'ΕΙΡΗΝΟΔΙΚΕΙΟ ΑΓΡΑΙΩΝ', 1),
(5, 'ΕΙΡΗΝΟΔΙΚΕΙΟ ΑΓΡΙΝΙΟΥ', 1),
(6, 'ΕΙΡΗΝΟΔΙΚΕΙΟ ΑΘΗΝΩΝ', 1),
(7, 'ΕΙΡΗΝΟΔΙΚΕΙΟ ΑΙΓΙΑΛΗΣ', 1),
(8, 'ΕΙΡΗΝΟΔΙΚΕΙΟ ΑΙΓΙΝΗΣ', 1),
(9, 'ΕΙΡΗΝΟΔΙΚΕΙΟ ΑΙΓΙΝΙΟΥ', 1),
(10, 'ΕΙΡΗΝΟΔΙΚΕΙΟ ΑΙΤΩΛΙΚΟΥ', 1),
(11, 'ΕΙΡΗΝΟΔΙΚΕΙΟ ΑΚΡΑΤΑΣ', 1),
(12, 'ΕΙΡΗΝΟΔΙΚΕΙΟ ΑΛΕΞΑΝΔΡΕΙΑΣ', 1),
(13, 'ΕΙΡΗΝΟΔΙΚΕΙΟ ΑΛΕΞΑΝΔΡΟΥΠΟΛΗΣ', 1),
(14, 'ΕΙΡΗΝΟΔΙΚΕΙΟ ΑΛΙΑΡΤΟΥ', 1),
(15, 'ΕΙΡΗΝΟΔΙΚΕΙΟ ΑΛΜΥΡΟΥ', 1),
(16, 'ΕΙΡΗΝΟΔΙΚΕΙΟ ΑΛΜΩΠΙΑΣ', 1),
(17, 'ΕΙΡΗΝΟΔΙΚΕΙΟ ΑΜΑΛΙΑΔΑΣ', 1),
(18, 'ΕΙΡΗΝΟΔΙΚΕΙΟ ΑΜΑΡΙΟΥ', 1),
(19, 'ΕΙΡΗΝΟΔΙΚΕΙΟ ΑΜΑΡΟΥΣΙΟΥ', 1),
(20, 'ΕΙΡΗΝΟΔΙΚΕΙΟ ΑΜΒΡΥΣΣΟΥ', 1),
(21, 'ΕΙΡΗΝΟΔΙΚΕΙΟ ΑΜΟΡΓΟΥ', 1),
(22, 'ΕΙΡΗΝΟΔΙΚΕΙΟ ΑΜΥΝΤΑΙΟΥ', 1),
(23, 'ΕΙΡΗΝΟΔΙΚΕΙΟ ΑΜΦΙΚΛΕΙΑΣ', 1),
(24, 'ΕΙΡΗΝΟΔΙΚΕΙΟ ΑΜΦΙΣΣΑΣ', 1),
(25, 'ΕΙΡΗΝΟΔΙΚΕΙΟ ΑΝΑΣΕΛΙΤΣΗΣ', 1),
(26, 'ΕΙΡΗΝΟΔΙΚΕΙΟ ΑΝΔΡΙΤΣΑΙΝΗΣ', 1),
(27, 'ΕΙΡΗΝΟΔΙΚΕΙΟ ΑΝΔΡΟΥ', 1),
(28, 'ΕΙΡΗΝΟΔΙΚΕΙΟ ΑΝΩ ΚΑΛΕΝΤΙΝΗΣ', 1),
(29, 'ΕΙΡΗΝΟΔΙΚΕΙΟ ΑΠΕΡΑΝΤΙΩΝ', 1),
(30, 'ΕΙΡΗΝΟΔΙΚΕΙΟ ΑΠΟΔΟΤΙΑΣ', 1),
(31, 'ΕΙΡΗΝΟΔΙΚΕΙΟ ΑΠΟΛΛΩΝΙΩΝ', 1),
(32, 'ΕΙΡΗΝΟΔΙΚΕΙΟ ΑΡΑΧΩΒΑΣ', 1),
(33, 'ΕΙΡΗΝΟΔΙΚΕΙΟ ΑΡΓΑΛΑΣΤΗΣ', 1),
(34, 'ΕΙΡΗΝΟΔΙΚΕΙΟ ΑΡΓΟΣΤΟΛΙΟΥ', 1),
(35, 'ΕΙΡΗΝΟΔΙΚΕΙΟ ΑΡΓΟΥΣ', 1),
(36, 'ΕΙΡΗΝΟΔΙΚΕΙΟ ΑΡΗΝΗΣ', 1),
(37, 'ΕΙΡΗΝΟΔΙΚΕΙΟ ΑΡΚΑΛΟΧΩΡΙΟΥ', 1),
(38, 'ΕΙΡΗΝΟΔΙΚΕΙΟ ΑΡΝΑΙΑΣ', 1),
(39, 'ΕΙΡΗΝΟΔΙΚΕΙΟ ΑΡΟΑΝΙΑΣ', 1),
(40, 'ΕΙΡΗΝΟΔΙΚΕΙΟ ΑΡΤΑΣ', 1),
(41, 'ΕΙΡΗΝΟΔΙΚΕΙΟ ΑΣΤΡΟΥΣ', 1),
(42, 'ΕΙΡΗΝΟΔΙΚΕΙΟ ΑΣΤΥΠΑΛΑΙΑΣ', 1),
(43, 'ΕΙΡΗΝΟΔΙΚΕΙΟ ΑΤΑΛΑΝΤΗΣ', 1),
(44, 'ΕΙΡΗΝΟΔΙΚΕΙΟ ΑΥΛΩΝΟΣ ΚΑΡΥΣΤΙΑΣ', 1),
(45, 'ΕΙΡΗΝΟΔΙΚΕΙΟ ΑΧΑΡΝΩΝ', 1),
(46, 'ΕΙΡΗΝΟΔΙΚΕΙΟ ΒΑΛΤΟΥ', 1),
(47, 'ΕΙΡΗΝΟΔΙΚΕΙΟ ΒΑΜΟΥ', 1),
(48, 'ΕΙΡΗΝΟΔΙΚΕΙΟ ΒΑΡΔΑΣ', 1),
(49, 'ΕΙΡΗΝΟΔΙΚΕΙΟ ΒΑΡΘΟΛΟΜΙΟΥ', 1),
(50, 'ΕΙΡΗΝΟΔΙΚΕΙΟ ΒΑΣΙΛΙΚΩΝ', 1),
(51, 'ΕΙΡΗΝΟΔΙΚΕΙΟ ΒΕΡΟΙΑΣ', 1),
(52, 'ΕΙΡΗΝΟΔΙΚΕΙΟ ΒΙΑΝΝΟΥ', 1),
(53, 'ΕΙΡΗΝΟΔΙΚΕΙΟ ΒΟΪΩΝ', 1),
(54, 'ΕΙΡΗΝΟΔΙΚΕΙΟ ΒΟΛΙΣΣΟΥ', 1),
(55, 'ΕΙΡΗΝΟΔΙΚΕΙΟ ΒΟΛΟΥ', 1),
(56, 'ΕΙΡΗΝΟΔΙΚΕΙΟ ΒΟΝΙΤΣΑΣ', 1),
(57, 'ΕΙΡΗΝΟΔΙΚΕΙΟ ΓΑΣΤΟΥΝΗΣ', 1),
(58, 'ΕΙΡΗΝΟΔΙΚΕΙΟ ΓΙΑΝΝΙΤΣΩΝ', 1),
(59, 'ΕΙΡΗΝΟΔΙΚΕΙΟ ΓΟΥΜΕΝΙΣΣΑΣ', 1),
(60, 'ΕΙΡΗΝΟΔΙΚΕΙΟ ΓΡΕΒΕΝΩΝ', 1),
(61, 'ΕΙΡΗΝΟΔΙΚΕΙΟ ΓΥΘΕΙΟΥ', 1),
(62, 'ΕΙΡΗΝΟΔΙΚΕΙΟ ΔΑΥΛΕΙΑΣ', 1),
(63, 'ΕΙΡΗΝΟΔΙΚΕΙΟ ΔΕΛΦΩΝ', 1),
(64, 'ΕΙΡΗΝΟΔΙΚΕΙΟ ΔΕΡΒΕΝΙΟΥ', 1),
(65, 'ΕΙΡΗΝΟΔΙΚΕΙΟ ΔΕΣΚΑΤΗΣ', 1),
(66, 'ΕΙΡΗΝΟΔΙΚΕΙΟ ΔΙΔΥΜΟΤΕΙΧΟΥ', 1),
(67, 'ΕΙΡΗΝΟΔΙΚΕΙΟ ΔΙΚΑΙΩΝ', 1),
(68, 'ΕΙΡΗΝΟΔΙΚΕΙΟ ΔΟΜΟΚΟΥ', 1),
(69, 'ΕΙΡΗΝΟΔΙΚΕΙΟ ΔΡΑΜΑΣ', 1),
(70, 'ΕΙΡΗΝΟΔΙΚΕΙΟ ΔΡΟΣΟΠΗΓΗΣ', 1),
(71, 'ΕΙΡΗΝΟΔΙΚΕΙΟ ΔΥΜΗΣ', 1),
(72, 'ΕΙΡΗΝΟΔΙΚΕΙΟ ΔΩΡΙΔΟΣ', 1),
(73, 'ΕΙΡΗΝΟΔΙΚΕΙΟ ΔΩΡΙΕΩΝ', 1),
(74, 'ΕΙΡΗΝΟΔΙΚΕΙΟ ΔΩΡΙΟΥ', 1),
(75, 'ΕΙΡΗΝΟΔΙΚΕΙΟ ΕΔΕΣΣΑΣ', 1),
(76, 'ΕΙΡΗΝΟΔΙΚΕΙΟ ΕΛΑΣΣΟΝΑΣ', 1),
(77, 'ΕΙΡΗΝΟΔΙΚΕΙΟ ΕΛΑΤΕΙΑΣ', 1),
(78, 'ΕΙΡΗΝΟΔΙΚΕΙΟ ΕΛΕΥΣΙΝΑΣ', 1),
(79, 'ΕΙΡΗΝΟΔΙΚΕΙΟ ΕΛΕΥΣΙΝΑΣ ΠΕΛ/ΝΗΣΟΥ', 1),
(80, 'ΕΙΡΗΝΟΔΙΚΕΙΟ ΕΟΡΔΑΙΑΣ', 1),
(81, 'ΕΙΡΗΝΟΔΙΚΕΙΟ ΕΠΙΔΑΥΡΟΥ', 1),
(82, 'ΕΙΡΗΝΟΔΙΚΕΙΟ ΕΠΙΔΑΥΡΟΥ-ΛΙΜΗΡΑΣ', 1),
(83, 'ΕΙΡΗΝΟΔΙΚΕΙΟ ΕΡΑΝΗΣ', 1),
(84, 'ΕΙΡΗΝΟΔΙΚΕΙΟ ΕΡΕΣΣΟΥ', 1),
(85, 'ΕΙΡΗΝΟΔΙΚΕΙΟ ΕΡΙΝΝΕΟΥ', 1),
(86, 'ΕΙΡΗΝΟΔΙΚΕΙΟ ΕΡΜΟΥΠΟΛΕΩΣ', 1),
(87, 'ΕΙΡΗΝΟΔΙΚΕΙΟ ΕΡΥΘΡΩΝ', 1),
(88, 'ΕΙΡΗΝΟΔΙΚΕΙΟ ΕΥΠΑΛΙΟΥ', 1),
(89, 'ΕΙΡΗΝΟΔΙΚΕΙΟ ΕΥΡΥΤΑΝΙΑΣ', 1),
(90, 'ΕΙΡΗΝΟΔΙΚΕΙΟ ΕΥΡΩΣΤΙΝΗΣ', 1),
(91, 'ΕΙΡΗΝΟΔΙΚΕΙΟ ΕΧΙΝΟΥ', 1),
(92, 'ΕΙΡΗΝΟΔΙΚΕΙΟ ΖΑΓΟΡΑΣ', 1),
(93, 'ΕΙΡΗΝΟΔΙΚΕΙΟ ΖΑΓΟΡΙΟΥ', 1),
(94, 'ΕΙΡΗΝΟΔΙΚΕΙΟ ΖΑΚΥΝΘΟΥ', 1),
(95, 'ΕΙΡΗΝΟΔΙΚΕΙΟ ΖΙΤΣΑΣ', 1),
(96, 'ΕΙΡΗΝΟΔΙΚΕΙΟ ΗΓΟΥΜΕΝΙΤΣΑΣ', 1),
(97, 'ΕΙΡΗΝΟΔΙΚΕΙΟ ΗΡΑΚΛΕΙΑΣ', 1),
(98, 'ΕΙΡΗΝΟΔΙΚΕΙΟ ΗΡΑΚΛΕΙΟΥ', 1),
(99, 'ΕΙΡΗΝΟΔΙΚΕΙΟ ΘΑΣΟΥ', 1),
(100, 'ΕΙΡΗΝΟΔΙΚΕΙΟ ΘΕΡΜΟΠΥΛΩΝ', 1),
(101, 'ΕΙΡΗΝΟΔΙΚΕΙΟ ΘΕΡΜΟΥ', 1),
(102, 'ΕΙΡΗΝΟΔΙΚΕΙΟ ΘΕΣΠΙΩΝ', 1),
(103, 'ΕΙΡΗΝΟΔΙΚΕΙΟ ΘΕΣΠΡΩΤΙΚΟΥ', 1),
(104, 'ΕΙΡΗΝΟΔΙΚΕΙΟ ΘΕΣΣΑΛΟΝΙΚΗΣ', 1),
(105, 'ΕΙΡΗΝΟΔΙΚΕΙΟ ΘΗΒΩΝ', 1),
(106, 'ΕΙΡΗΝΟΔΙΚΕΙΟ ΘΗΡΑΣ', 1),
(107, 'ΕΙΡΗΝΟΔΙΚΕΙΟ ΙΕΡΑΠΕΤΡΑΣ', 1),
(108, 'ΕΙΡΗΝΟΔΙΚΕΙΟ ΙΕΡΙΣΣΟΥ', 1),
(109, 'ΕΙΡΗΝΟΔΙΚΕΙΟ ΙΘΑΚΗΣ', 1),
(110, 'ΕΙΡΗΝΟΔΙΚΕΙΟ ΙΚΑΡΙΑΣ', 1),
(111, 'ΕΙΡΗΝΟΔΙΚΕΙΟ ΙΣΤΙΑΙΑΣ', 1),
(112, 'ΕΙΡΗΝΟΔΙΚΕΙΟ ΙΤΕΑΣ', 1),
(113, 'ΕΙΡΗΝΟΔΙΚΕΙΟ ΙΩΑΝΝΙΝΩΝ', 1),
(114, 'ΕΙΡΗΝΟΔΙΚΕΙΟ ΚΑΒΑΛΑΣ', 1),
(115, 'ΕΙΡΗΝΟΔΙΚΕΙΟ ΚΑΛΑΒΡΥΤΩΝ', 1),
(116, 'ΕΙΡΗΝΟΔΙΚΕΙΟ ΚΑΛΑΜΑΤΑΣ', 1),
(117, 'ΕΙΡΗΝΟΔΙΚΕΙΟ ΚΑΛΑΜΠΑΚΑΣ', 1),
(118, 'ΕΙΡΗΝΟΔΙΚΕΙΟ ΚΑΛΑΥΡΙΑΣ', 1),
(119, 'ΕΙΡΗΝΟΔΙΚΕΙΟ ΚΑΛΛΙΘΕΑΣ', 1),
(120, 'ΕΙΡΗΝΟΔΙΚΕΙΟ ΚΑΛΛΟΝΗΣ', 1),
(121, 'ΕΙΡΗΝΟΔΙΚΕΙΟ ΚΑΝΔΑΝΟΥ', 1),
(122, 'ΕΙΡΗΝΟΔΙΚΕΙΟ ΚΑΡΔΙΤΣΑΣ', 1),
(123, 'ΕΙΡΗΝΟΔΙΚΕΙΟ ΚΑΡΛΟΒΑΣΙΟΥ', 1),
(124, 'ΕΙΡΗΝΟΔΙΚΕΙΟ ΚΑΡΠΑΘΟΥ', 1),
(125, 'ΕΙΡΗΝΟΔΙΚΕΙΟ ΚΑΡΥΣΤΟΥ', 1),
(126, 'ΕΙΡΗΝΟΔΙΚΕΙΟ ΚΑΡΥΤΑΙΝΑΣ', 1),
(127, 'ΕΙΡΗΝΟΔΙΚΕΙΟ ΚΑΣΣΑΝΔΡΑΣ', 1),
(128, 'ΕΙΡΗΝΟΔΙΚΕΙΟ ΚΑΣΤΕΛΛΙΟΥ', 1),
(129, 'ΕΙΡΗΝΟΔΙΚΕΙΟ ΚΑΣΤΕΛΛΙΟΥ-ΠΕΔΙΑΔΟΣ', 1),
(130, 'ΕΙΡΗΝΟΔΙΚΕΙΟ ΚΑΣΤΟΡΕΙΟΥ', 1),
(131, 'ΕΙΡΗΝΟΔΙΚΕΙΟ ΚΑΣΤΟΡΙΑΣ', 1),
(132, 'ΕΙΡΗΝΟΔΙΚΕΙΟ ΚΑΤΕΡΙΝΗΣ', 1),
(133, 'ΕΙΡΗΝΟΔΙΚΕΙΟ ΚΕΡΚΥΡΑΣ', 1),
(134, 'ΕΙΡΗΝΟΔΙΚΕΙΟ ΚΙΛΚΙΣ', 1),
(135, 'ΕΙΡΗΝΟΔΙΚΕΙΟ ΚΙΣΣΑΒΟΥ', 1),
(136, 'ΕΙΡΗΝΟΔΙΚΕΙΟ ΚΙΣΣΑΒΟΥ (ΣΥΚΟΥΡΙΟΥ)', 1),
(137, 'ΕΙΡΗΝΟΔΙΚΕΙΟ ΚΛΕΙΤΟΡΙΑΣ', 1),
(138, 'ΕΙΡΗΝΟΔΙΚΕΙΟ ΚΟΖΑΝΗΣ', 1),
(139, 'ΕΙΡΗΝΟΔΙΚΕΙΟ ΚΟΛΙΝΔΡΟΥ', 1),
(140, 'ΕΙΡΗΝΟΔΙΚΕΙΟ ΚΟΛΥΜΒΑΡΙΟΥ', 1),
(141, 'ΕΙΡΗΝΟΔΙΚΕΙΟ ΚΟΜΟΤΗΝΗΣ', 1),
(142, 'ΕΙΡΗΝΟΔΙΚΕΙΟ ΚΟΝΙΤΣΑΣ', 1),
(143, 'ΕΙΡΗΝΟΔΙΚΕΙΟ ΚΟΡΙΝΘΟΥ', 1),
(144, 'ΕΙΡΗΝΟΔΙΚΕΙΟ ΚΟΥΦΑΛΙΩΝ', 1),
(145, 'ΕΙΡΗΝΟΔΙΚΕΙΟ ΚΡΕΣΤΕΝΩΝ', 1),
(146, 'ΕΙΡΗΝΟΔΙΚΕΙΟ ΚΡΟΚΕΩΝ', 1),
(147, 'ΕΙΡΗΝΟΔΙΚΕΙΟ ΚΡΥΑΣ ΒΡΥΣΗΣ', 1),
(148, 'ΕΙΡΗΝΟΔΙΚΕΙΟ ΚΡΩΠΙΑΣ', 1),
(149, 'ΕΙΡΗΝΟΔΙΚΕΙΟ ΚΥΘΗΡΩΝ', 1),
(150, 'ΕΙΡΗΝΟΔΙΚΕΙΟ ΚΥΘΝΟΥ', 1),
(151, 'ΕΙΡΗΝΟΔΙΚΕΙΟ ΚΥΜΗΣ', 1),
(152, 'ΕΙΡΗΝΟΔΙΚΕΙΟ ΚΥΠΑΡΙΣΣΙΑΣ', 1),
(153, 'ΕΙΡΗΝΟΔΙΚΕΙΟ ΚΩ', 1),
(154, 'ΕΙΡΗΝΟΔΙΚΕΙΟ ΛΑΓΚΑΔΑ', 1),
(155, 'ΕΙΡΗΝΟΔΙΚΕΙΟ ΛΑΜΙΑΣ', 1),
(156, 'ΕΙΡΗΝΟΔΙΚΕΙΟ ΛΑΜΠΕΙΑΣ', 1),
(157, 'ΕΙΡΗΝΟΔΙΚΕΙΟ ΛΑΡΙΣΑΣ', 1),
(158, 'ΕΙΡΗΝΟΔΙΚΕΙΟ ΛΑΣΙΘΙΟΥ', 1),
(159, 'ΕΙΡΗΝΟΔΙΚΕΙΟ ΛΑΥΡΙΟΥ', 1),
(160, 'ΕΙΡΗΝΟΔΙΚΕΙΟ ΛΕΙΒΑΔΙΑΣ', 1),
(161, 'ΕΙΡΗΝΟΔΙΚΕΙΟ ΛΕΡΟΥ', 1),
(162, 'ΕΙΡΗΝΟΔΙΚΕΙΟ ΛΕΥΚΑΔΟΣ', 1),
(163, 'ΕΙΡΗΝΟΔΙΚΕΙΟ ΛΕΥΚΙΜΗΣ', 1),
(164, 'ΕΙΡΗΝΟΔΙΚΕΙΟ ΛΗΜΝΟΥ', 1),
(165, 'ΕΙΡΗΝΟΔΙΚΕΙΟ ΛΗΞΟΥΡΙΟΥ', 1),
(166, 'ΕΙΡΗΝΟΔΙΚΕΙΟ ΛΙΜΝΗΣ', 1),
(167, 'ΕΙΡΗΝΟΔΙΚΕΙΟ ΜΑΚΡΑΚΩΜΗΣ', 1),
(168, 'ΕΙΡΗΝΟΔΙΚΕΙΟ ΜΑΚΡΥΝΕΙΑΣ', 1),
(169, 'ΕΙΡΗΝΟΔΙΚΕΙΟ ΜΑΡΑΘΩΝΟΣ', 1),
(170, 'ΕΙΡΗΝΟΔΙΚΕΙΟ ΜΑΣΣΗΤΟΣ', 1),
(171, 'ΕΙΡΗΝΟΔΙΚΕΙΟ ΜΕΓΑΛΟΠΟΛΕΩΣ', 1),
(172, 'ΕΙΡΗΝΟΔΙΚΕΙΟ ΜΕΓΑΡΩΝ', 1),
(173, 'ΕΙΡΗΝΟΔΙΚΕΙΟ ΜΕΣΟΛΟΓΓΙΟΥ', 1),
(174, 'ΕΙΡΗΝΟΔΙΚΕΙΟ ΜΕΤΣΟΒΟΥ', 1),
(175, 'ΕΙΡΗΝΟΔΙΚΕΙΟ ΜΗΛΕΩΝ', 1),
(176, 'ΕΙΡΗΝΟΔΙΚΕΙΟ ΜΗΛΟΥ', 1),
(177, 'ΕΙΡΗΝΟΔΙΚΕΙΟ ΜΟΙΡΩΝ', 1),
(178, 'ΕΙΡΗΝΟΔΙΚΕΙΟ ΜΟΥΖΑΚΙΟΥ', 1),
(179, 'ΕΙΡΗΝΟΔΙΚΕΙΟ ΜΟΥΡΙΩΝ', 1),
(180, 'ΕΙΡΗΝΟΔΙΚΕΙΟ ΜΥΚΟΝΟΥ', 1),
(181, 'ΕΙΡΗΝΟΔΙΚΕΙΟ ΜΥΛΟΠΟΤΑΜΟΥ', 1),
(182, 'ΕΙΡΗΝΟΔΙΚΕΙΟ ΜΥΡΤΟΥΝΤΙΩΝ', 1),
(183, 'ΕΙΡΗΝΟΔΙΚΕΙΟ ΜΥΤΙΛΗΝΗΣ', 1),
(184, 'ΕΙΡΗΝΟΔΙΚΕΙΟ Ν. ΙΩΝΙΑΣ', 1),
(185, 'ΕΙΡΗΝΟΔΙΚΕΙΟ Ν. ΛΙΟΣΙΩΝ', 1),
(186, 'ΕΙΡΗΝΟΔΙΚΕΙΟ Ν. ΜΟΥΔΑΝΙΩΝ', 1),
(187, 'ΕΙΡΗΝΟΔΙΚΕΙΟ Ν. ΧΑΛΚΗΔΟΝΑΣ', 1),
(188, 'ΕΙΡΗΝΟΔΙΚΕΙΟ ΝΑΞΟΥ', 1),
(189, 'ΕΙΡΗΝΟΔΙΚΕΙΟ ΝΑΟΥΣΗΣ', 1),
(190, 'ΕΙΡΗΝΟΔΙΚΕΙΟ ΝΑΥΠΑΚΤΟΥ', 1),
(191, 'ΕΙΡΗΝΟΔΙΚΕΙΟ ΝΑΥΠΛΙΟΥ', 1),
(192, 'ΕΙΡΗΝΟΔΙΚΕΙΟ ΝΕΑΠΟΛΕΩΣ', 1),
(193, 'ΕΙΡΗΝΟΔΙΚΕΙΟ ΝΕΜΕΑΣ', 1),
(194, 'ΕΙΡΗΝΟΔΙΚΕΙΟ ΝΕΣΤΟΡΙΟΥ', 1),
(195, 'ΕΙΡΗΝΟΔΙΚΕΙΟ ΝΕΣΤΟΥ', 1),
(196, 'ΕΙΡΗΝΟΔΙΚΕΙΟ ΝΕΥΡΟΚΟΠΙΟΥ', 1),
(197, 'ΕΙΡΗΝΟΔΙΚΕΙΟ ΝΙΓΡΙΤΑΣ', 1),
(198, 'ΕΙΡΗΝΟΔΙΚΕΙΟ ΝΙΚΑΙΑΣ', 1),
(199, 'ΕΙΡΗΝΟΔΙΚΕΙΟ ΝΥΜΦΑΣΙΑΣ', 1),
(200, 'ΕΙΡΗΝΟΔΙΚΕΙΟ ΞΑΝΘΗΣ', 1),
(201, 'ΕΙΡΗΝΟΔΙΚΕΙΟ ΞΗΡΟΜΕΡΟΥ', 1),
(202, 'ΕΙΡΗΝΟΔΙΚΕΙΟ ΞΥΛΟΚΑΣΤΡΟΥ', 1),
(203, 'ΕΙΡΗΝΟΔΙΚΕΙΟ ΟΙΧΑΛΙΑΣ', 1),
(204, 'ΕΙΡΗΝΟΔΙΚΕΙΟ ΟΛΥΜΠΙΩΝ', 1),
(205, 'ΕΙΡΗΝΟΔΙΚΕΙΟ ΟΛΥΜΠΟΥ (ΠΥΡΓΕΤΟΥ)', 1),
(206, 'ΕΙΡΗΝΟΔΙΚΕΙΟ ΟΡΕΣΤΙΑΔΑΣ', 1),
(207, 'ΕΙΡΗΝΟΔΙΚΕΙΟ ΟΡΟΥΣ', 1),
(208, 'ΕΙΡΗΝΟΔΙΚΕΙΟ ΟΡΧΟΜΕΝΟΥ', 1),
(209, 'ΕΙΡΗΝΟΔΙΚΕΙΟ ΠΑΓΓΑΙΟΥ', 1),
(210, 'ΕΙΡΗΝΟΔΙΚΕΙΟ ΠΑΓΓΑΙΟΥ (ΕΛΕΥΘΕΡΟΥΠΟΛΗ)', 1),
(211, 'ΕΙΡΗΝΟΔΙΚΕΙΟ ΠΑΛΑΜΑ', 1),
(212, 'ΕΙΡΗΝΟΔΙΚΕΙΟ ΠΑΜΙΣΟΥ', 1),
(213, 'ΕΙΡΗΝΟΔΙΚΕΙΟ ΠΑΞΩΝ', 1),
(214, 'ΕΙΡΗΝΟΔΙΚΕΙΟ ΠΑΠΑΔΟΥ', 1),
(215, 'ΕΙΡΗΝΟΔΙΚΕΙΟ ΠΑΡΑΜΥΘΙΑΣ', 1),
(216, 'ΕΙΡΗΝΟΔΙΚΕΙΟ ΠΑΡΑΧΕΛΩΙΤΙΔΟΣ', 1),
(217, 'ΕΙΡΗΝΟΔΙΚΕΙΟ ΠΑΡΓΑΣ', 1),
(218, 'ΕΙΡΗΝΟΔΙΚΕΙΟ ΠΑΡΟΥ', 1),
(219, 'ΕΙΡΗΝΟΔΙΚΕΙΟ ΠΑΤΜΟΥ', 1),
(220, 'ΕΙΡΗΝΟΔΙΚΕΙΟ ΠΑΤΡΩΝ', 1),
(221, 'ΕΙΡΗΝΟΔΙΚΕΙΟ ΠΕΙΡΑΙΑ', 1),
(222, 'ΕΙΡΗΝΟΔΙΚΕΙΟ ΠΕΝΤΑΛΟΦΟΥ', 1),
(223, 'ΕΙΡΗΝΟΔΙΚΕΙΟ ΠΕΡΙΣΤΕΡΙΟΥ', 1),
(224, 'ΕΙΡΗΝΟΔΙΚΕΙΟ ΠΙΕΡΙΑΣ', 1),
(225, 'ΕΙΡΗΝΟΔΙΚΕΙΟ ΠΛΑΤΑΜΩΔΟΥΣ', 1),
(226, 'ΕΙΡΗΝΟΔΙΚΕΙΟ ΠΛΩΜΑΡΙΟΥ', 1),
(227, 'ΕΙΡΗΝΟΔΙΚΕΙΟ ΠΟΛΥΓΥΡΟΥ', 1),
(228, 'ΕΙΡΗΝΟΔΙΚΕΙΟ ΠΟΛΥΚΑΣΤΡΟΥ', 1),
(229, 'ΕΙΡΗΝΟΔΙΚΕΙΟ ΠΟΛΥΧΝΙΤΟΥ', 1),
(230, 'ΕΙΡΗΝΟΔΙΚΕΙΟ ΠΟΡΡΟΪΩΝ', 1),
(231, 'ΕΙΡΗΝΟΔΙΚΕΙΟ ΠΡΑΜΑΝΤΩΝ', 1),
(232, 'ΕΙΡΗΝΟΔΙΚΕΙΟ ΠΡΑΣΙΩΝ', 1),
(233, 'ΕΙΡΗΝΟΔΙΚΕΙΟ ΠΡΕΒΕΖΑΣ', 1),
(234, 'ΕΙΡΗΝΟΔΙΚΕΙΟ ΠΡΕΣΠΩΝ', 1),
(235, 'ΕΙΡΗΝΟΔΙΚΕΙΟ ΠΡΟΣΟΤΣΑΝΗΣ', 1),
(236, 'ΕΙΡΗΝΟΔΙΚΕΙΟ ΠΡΟΣΧΙΟΥ', 1),
(237, 'ΕΙΡΗΝΟΔΙΚΕΙΟ ΠΥΛΟΥ', 1),
(238, 'ΕΙΡΗΝΟΔΙΚΕΙΟ ΠΥΡΓΟΥ', 1),
(239, 'ΕΙΡΗΝΟΔΙΚΕΙΟ ΠΥΡΓΟΥ ΚΡΗΤΗΣ', 1),
(240, 'ΕΙΡΗΝΟΔΙΚΕΙΟ ΠΥΡΡΑΣ', 1),
(241, 'ΕΙΡΗΝΟΔΙΚΕΙΟ ΠΩΓΩΝΙΟΥ', 1),
(242, 'ΕΙΡΗΝΟΔΙΚΕΙΟ ΡΕΘΥΜΝΟΥ', 1),
(243, 'ΕΙΡΗΝΟΔΙΚΕΙΟ ΡΟΔΟΛΙΒΟΥ', 1),
(244, 'ΕΙΡΗΝΟΔΙΚΕΙΟ ΡΟΔΟΥ', 1),
(245, 'ΕΙΡΗΝΟΔΙΚΕΙΟ ΣΑΓΕΪΚΩΝ', 1),
(246, 'ΕΙΡΗΝΟΔΙΚΕΙΟ ΣΑΛΑΜΙΝΟΣ', 1),
(247, 'ΕΙΡΗΝΟΔΙΚΕΙΟ ΣΑΜΑΙΩΝ', 1),
(248, 'ΕΙΡΗΝΟΔΙΚΕΙΟ ΣΑΜΟΘΡΑΚΗΣ', 1),
(249, 'ΕΙΡΗΝΟΔΙΚΕΙΟ ΣΑΜΟΥ', 1),
(250, 'ΕΙΡΗΝΟΔΙΚΕΙΟ ΣΑΠΠΩΝ', 1),
(251, 'ΕΙΡΗΝΟΔΙΚΕΙΟ ΣΕΡΒΙΩΝ', 1),
(252, 'ΕΙΡΗΝΟΔΙΚΕΙΟ ΣΕΡΙΦΟΥ', 1),
(253, 'ΕΙΡΗΝΟΔΙΚΕΙΟ ΣΕΡΡΩΝ', 1),
(254, 'ΕΙΡΗΝΟΔΙΚΕΙΟ ΣΗΤΕΙΑΣ', 1),
(255, 'ΕΙΡΗΝΟΔΙΚΕΙΟ ΣΙΑΤΙΣΤΑΣ', 1),
(256, 'ΕΙΡΗΝΟΔΙΚΕΙΟ ΣΙΚΥΩΝΟΣ', 1),
(257, 'ΕΙΡΗΝΟΔΙΚΕΙΟ ΣΙΝΤΙΚΗΣ', 1),
(258, 'ΕΙΡΗΝΟΔΙΚΕΙΟ ΣΙΦΝΟΥ', 1),
(259, 'ΕΙΡΗΝΟΔΙΚΕΙΟ ΣΚΙΑΘΟΥ', 1),
(260, 'ΕΙΡΗΝΟΔΙΚΕΙΟ ΣΚΟΠΕΛΟΥ', 1),
(261, 'ΕΙΡΗΝΟΔΙΚΕΙΟ ΣΚΥΔΡΑΣ', 1),
(262, 'ΕΙΡΗΝΟΔΙΚΕΙΟ ΣΚΥΡΟΥ', 1),
(263, 'ΕΙΡΗΝΟΔΙΚΕΙΟ ΣΟΛΛΙΟΥ', 1),
(264, 'ΕΙΡΗΝΟΔΙΚΕΙΟ ΣΟΥΦΛΙΟΥ', 1),
(265, 'ΕΙΡΗΝΟΔΙΚΕΙΟ ΣΟΦΑΔΩΝ', 1),
(266, 'ΕΙΡΗΝΟΔΙΚΕΙΟ ΣΟΧΟΥ', 1),
(267, 'ΕΙΡΗΝΟΔΙΚΕΙΟ ΣΠΑΡΤΗΣ', 1),
(268, 'ΕΙΡΗΝΟΔΙΚΕΙΟ ΣΠΕΡΧΙΑΔΑΣ', 1),
(269, 'ΕΙΡΗΝΟΔΙΚΕΙΟ ΣΠΕΤΣΩΝ', 1),
(270, 'ΕΙΡΗΝΟΔΙΚΕΙΟ ΣΠΗΛΙΟΥ', 1),
(271, 'ΕΙΡΗΝΟΔΙΚΕΙΟ ΣΤΑΥΡΟΥΠΟΛΗΣ', 1),
(272, 'ΕΙΡΗΝΟΔΙΚΕΙΟ ΣΤΥΜΦΑΛΙΑΣ', 1),
(273, 'ΕΙΡΗΝΟΔΙΚΕΙΟ ΣΥΚΙΑΣ', 1),
(274, 'ΕΙΡΗΝΟΔΙΚΕΙΟ ΤΑΜΙΝΕΩΝ', 1),
(275, 'ΕΙΡΗΝΟΔΙΚΕΙΟ ΤΑΝΙΑΣ-ΔΟΛΙΑΝΩΝ', 1),
(276, 'ΕΙΡΗΝΟΔΙΚΕΙΟ ΤΕΥΘΙΔΟΣ', 1),
(277, 'ΕΙΡΗΝΟΔΙΚΕΙΟ ΤΖΕΡΜΙΑΔΩΝ', 1),
(278, 'ΕΙΡΗΝΟΔΙΚΕΙΟ ΤΖΟΥΜΕΡΚΩΝ', 1),
(279, 'ΕΙΡΗΝΟΔΙΚΕΙΟ ΤΗΝΟΥ', 1),
(280, 'ΕΙΡΗΝΟΔΙΚΕΙΟ ΤΟΛΟΦΩΝΟΣ', 1),
(281, 'ΕΙΡΗΝΟΔΙΚΕΙΟ ΤΡΑΓΑΙΑΣ-ΝΑΞΟΥ', 1),
(282, 'ΕΙΡΗΝΟΔΙΚΕΙΟ ΤΡΙΚΑΛΩΝ', 1),
(283, 'ΕΙΡΗΝΟΔΙΚΕΙΟ ΤΡΙΚΑΛΩΝ ΚΟΡΙΝΘΙΑΣ', 1),
(284, 'ΕΙΡΗΝΟΔΙΚΕΙΟ ΤΡΙΠΟΛΕΩΣ', 1),
(285, 'ΕΙΡΗΝΟΔΙΚΕΙΟ ΤΡΙΤΑΙΑΣ', 1),
(286, 'ΕΙΡΗΝΟΔΙΚΕΙΟ ΤΡΟΠΑΙΩΝ', 1),
(287, 'ΕΙΡΗΝΟΔΙΚΕΙΟ ΤΥΡΝΑΒΟΥ', 1),
(288, 'ΕΙΡΗΝΟΔΙΚΕΙΟ ΥΠΑΤΗΣ', 1),
(289, 'ΕΙΡΗΝΟΔΙΚΕΙΟ ΦΑΛΑΡΩΝ', 1),
(290, 'ΕΙΡΗΝΟΔΙΚΕΙΟ ΦΑΡΚΑΔΩΝΑΣ', 1),
(291, 'ΕΙΡΗΝΟΔΙΚΕΙΟ ΦΑΡΡΩΝ', 1),
(292, 'ΕΙΡΗΝΟΔΙΚΕΙΟ ΦΑΡΣΑΛΩΝ', 1),
(293, 'ΕΙΡΗΝΟΔΙΚΕΙΟ ΦΕΝΕΟΥ', 1),
(294, 'ΕΙΡΗΝΟΔΙΚΕΙΟ ΦΕΡΩΝ', 1),
(295, 'ΕΙΡΗΝΟΔΙΚΕΙΟ ΦΕΡΩΝ (ΒΕΛΕΣΤΙΝΟΥ)', 1),
(296, 'ΕΙΡΗΝΟΔΙΚΕΙΟ ΦΙΓΑΛΕΙΑΣ', 1),
(297, 'ΕΙΡΗΝΟΔΙΚΕΙΟ ΦΙΛΙΑΤΩΝ', 1),
(298, 'ΕΙΡΗΝΟΔΙΚΕΙΟ ΦΙΛΙΠΠΙΑΔΑΣ', 1),
(299, 'ΕΙΡΗΝΟΔΙΚΕΙΟ ΦΛΕΣΙΑΔΟΣ', 1),
(300, 'ΕΙΡΗΝΟΔΙΚΕΙΟ ΦΛΩΡΙΝΑΣ', 1),
(301, 'ΕΙΡΗΝΟΔΙΚΕΙΟ ΦΥΓΑΛΕΙΑΣ', 1),
(302, 'ΕΙΡΗΝΟΔΙΚΕΙΟ ΦΥΛΛΙΔΟΣ', 1),
(303, 'ΕΙΡΗΝΟΔΙΚΕΙΟ ΧΑΛΑΝΔΡΙΟΥ', 1),
(304, 'ΕΙΡΗΝΟΔΙΚΕΙΟ ΧΑΛΚΙΔΑΣ', 1),
(305, 'ΕΙΡΗΝΟΔΙΚΕΙΟ ΧΑΝΙΩΝ', 1),
(306, 'ΕΙΡΗΝΟΔΙΚΕΙΟ ΧΕΡΣΟΝΗΣΟΥ', 1),
(307, 'ΕΙΡΗΝΟΔΙΚΕΙΟ ΧΙΟΥ', 1),
(308, 'ΕΙΡΗΝΟΔΙΚΕΙΟ ΧΡΥΣΟΥΠΟΛΗΣ', 1),
(309, 'ΕΙΡΗΝΟΔΙΚΕΙΟ ΧΩΡΑΣ ΣΦΑΚΙΩΝ', 1),
(310, 'ΕΙΡΗΝΟΔΙΚΕΙΟ ΨΩΦΙΔΟΣ', 1),
(311, 'ΕΙΡΗΝΟΔΙΚΕΙΟ ΩΛΕΝΗΣ', 1),
(312, 'ΕΦΕΤΕΙΟ ΑΘΗΝΩΝ', 1),
(313, 'ΕΦΕΤΕΙΟ ΑΙΓΑΙΟΥ', 1),
(314, 'ΕΦΕΤΕΙΟ ΔΥΤΙΚΗΣ ΜΑΚΕΔΟΝΙΑΣ', 1),
(315, 'ΕΦΕΤΕΙΟ ΔΩΔΕΚΑΝΗΣΟΥ', 1),
(316, 'ΕΦΕΤΕΙΟ ΘΕΣΣΑΛΟΝΙΚΗΣ', 1),
(317, 'ΕΦΕΤΕΙΟ ΘΡΑΚΗΣ', 1),
(318, 'ΕΦΕΤΕΙΟ ΙΩΑΝΝΙΝΩΝ', 1),
(319, 'ΕΦΕΤΕΙΟ ΚΕΡΚΥΡΑΣ', 1),
(320, 'ΕΦΕΤΕΙΟ ΚΡΗΤΗΣ', 1),
(321, 'ΕΦΕΤΕΙΟ ΛΑΜΙΑΣ', 1),
(322, 'ΕΦΕΤΕΙΟ ΛΑΡΙΣΑΣ', 1),
(323, 'ΕΦΕΤΕΙΟ ΝΑΥΠΛΙΟΥ', 1),
(324, 'ΕΦΕΤΕΙΟ ΠΑΤΡΩΝ', 1),
(325, 'ΕΦΕΤΕΙΟ ΠΕΙΡΑΙΑ', 1),
(326, 'ΠΡΩΤΟΔΙΚΕΙΟ ΑΓΡΙΝΙΟΥ', 1),
(327, 'ΠΡΩΤΟΔΙΚΕΙΟ ΑΘΗΝΩΝ', 1),
(328, 'ΠΡΩΤΟΔΙΚΕΙΟ ΑΙΓΙΟΥ', 1),
(329, 'ΠΡΩΤΟΔΙΚΕΙΟ ΑΛΕΞΑΝΔΡΟΥΠΟΛΗΣ', 1),
(330, 'ΠΡΩΤΟΔΙΚΕΙΟ ΑΜΑΛΙΑΔΑΣ', 1),
(331, 'ΠΡΩΤΟΔΙΚΕΙΟ ΑΜΦΙΣΣΑΣ', 1),
(332, 'ΠΡΩΤΟΔΙΚΕΙΟ ΑΡΤΑΣ', 1),
(333, 'ΠΡΩΤΟΔΙΚΕΙΟ ΒΕΡΟΙΑΣ', 1),
(334, 'ΠΡΩΤΟΔΙΚΕΙΟ ΒΟΛΟΥ', 1),
(335, 'ΠΡΩΤΟΔΙΚΕΙΟ ΓΙΑΝΝΙΤΣΩΝ', 1),
(336, 'ΠΡΩΤΟΔΙΚΕΙΟ ΓΡΕΒΕΝΩΝ', 1),
(337, 'ΠΡΩΤΟΔΙΚΕΙΟ ΓΥΘΕΙΟΥ', 1),
(338, 'ΠΡΩΤΟΔΙΚΕΙΟ ΔΡΑΜΑΣ', 1),
(339, 'ΠΡΩΤΟΔΙΚΕΙΟ ΕΔΕΣΣΑΣ', 1),
(340, 'ΠΡΩΤΟΔΙΚΕΙΟ ΕΥΡΥΤΑΝΙΑΣ', 1),
(341, 'ΠΡΩΤΟΔΙΚΕΙΟ ΖΑΚΥΝΘΟΥ', 1),
(342, 'ΠΡΩΤΟΔΙΚΕΙΟ ΗΛΕΙΑΣ', 1),
(343, 'ΠΡΩΤΟΔΙΚΕΙΟ ΗΡΑΚΛΕΙΟΥ', 1),
(344, 'ΠΡΩΤΟΔΙΚΕΙΟ ΘΕΣΠΡΩΤΙΑΣ', 1),
(345, 'ΠΡΩΤΟΔΙΚΕΙΟ ΘΕΣΣΑΛΟΝΙΚΗΣ', 1),
(346, 'ΠΡΩΤΟΔΙΚΕΙΟ ΘΗΒΩΝ', 1),
(347, 'ΠΡΩΤΟΔΙΚΕΙΟ ΙΩΑΝΝΙΝΩΝ', 1),
(348, 'ΠΡΩΤΟΔΙΚΕΙΟ ΚΑΒΑΛΑΣ', 1),
(349, 'ΠΡΩΤΟΔΙΚΕΙΟ ΚΑΛΑΒΡΥΤΩΝ', 1),
(350, 'ΠΡΩΤΟΔΙΚΕΙΟ ΚΑΛΑΜΑΤΑΣ', 1),
(351, 'ΠΡΩΤΟΔΙΚΕΙΟ ΚΑΡΔΙΤΣΑΣ', 1),
(352, 'ΠΡΩΤΟΔΙΚΕΙΟ ΚΑΣΤΟΡΙΑΣ', 1),
(353, 'ΠΡΩΤΟΔΙΚΕΙΟ ΚΑΤΕΡΙΝΗΣ', 1),
(354, 'ΠΡΩΤΟΔΙΚΕΙΟ ΚΕΡΚΥΡΑΣ', 1),
(355, 'ΠΡΩΤΟΔΙΚΕΙΟ ΚΕΦΑΛΛΗΝΙΑΣ', 1),
(356, 'ΠΡΩΤΟΔΙΚΕΙΟ ΚΙΛΚΙΣ', 1),
(357, 'ΠΡΩΤΟΔΙΚΕΙΟ ΚΟΖΑΝΗΣ', 1),
(358, 'ΠΡΩΤΟΔΙΚΕΙΟ ΚΟΡΙΝΘΟΥ', 1),
(359, 'ΠΡΩΤΟΔΙΚΕΙΟ ΚΥΠΑΡΙΣΣΙΑΣ', 1),
(360, 'ΠΡΩΤΟΔΙΚΕΙΟ ΚΩ', 1),
(361, 'ΠΡΩΤΟΔΙΚΕΙΟ ΛΑΜΙΑΣ', 1),
(362, 'ΠΡΩΤΟΔΙΚΕΙΟ ΛΑΡΙΣΑΣ', 1),
(363, 'ΠΡΩΤΟΔΙΚΕΙΟ ΛΑΣΙΘΙΟΥ', 1),
(364, 'ΠΡΩΤΟΔΙΚΕΙΟ ΛΕΙΒΑΔΙΑΣ', 1),
(365, 'ΠΡΩΤΟΔΙΚΕΙΟ ΛΕΥΚΑΔΟΣ', 1),
(366, 'ΠΡΩΤΟΔΙΚΕΙΟ ΜΕΣΟΛΟΓΓΙΟΥ', 1),
(367, 'ΠΡΩΤΟΔΙΚΕΙΟ ΜΥΤΙΛΗΝΗΣ', 1),
(368, 'ΠΡΩΤΟΔΙΚΕΙΟ ΝΑΞΟΥ', 1),
(369, 'ΠΡΩΤΟΔΙΚΕΙΟ ΝΑΥΠΛΙΟΥ', 1),
(370, 'ΠΡΩΤΟΔΙΚΕΙΟ ΞΑΝΘΗΣ', 1),
(371, 'ΠΡΩΤΟΔΙΚΕΙΟ ΟΡΕΣΤΙΑΔΑΣ', 1),
(372, 'ΠΡΩΤΟΔΙΚΕΙΟ ΠΑΤΡΩΝ', 1),
(373, 'ΠΡΩΤΟΔΙΚΕΙΟ ΠΕΙΡΑΙΑ', 1),
(374, 'ΠΡΩΤΟΔΙΚΕΙΟ ΠΙΕΡΙΑΣ', 1),
(375, 'ΠΡΩΤΟΔΙΚΕΙΟ ΠΡΕΒΕΖΑΣ', 1),
(376, 'ΠΡΩΤΟΔΙΚΕΙΟ ΡΕΘΥΜΝΟΥ', 1),
(377, 'ΠΡΩΤΟΔΙΚΕΙΟ ΡΟΔΟΠΗΣ', 1),
(378, 'ΠΡΩΤΟΔΙΚΕΙΟ ΡΟΔΟΥ', 1),
(379, 'ΠΡΩΤΟΔΙΚΕΙΟ ΣΑΜΟΥ', 1),
(380, 'ΠΡΩΤΟΔΙΚΕΙΟ ΣΕΡΡΩΝ', 1),
(381, 'ΠΡΩΤΟΔΙΚΕΙΟ ΣΠΑΡΤΗΣ', 1),
(382, 'ΠΡΩΤΟΔΙΚΕΙΟ ΣΥΡΟΥ', 1),
(383, 'ΠΡΩΤΟΔΙΚΕΙΟ ΤΡΙΚΑΛΩΝ', 1),
(384, 'ΠΡΩΤΟΔΙΚΕΙΟ ΤΡΙΠΟΛΕΩΣ', 1),
(385, 'ΠΡΩΤΟΔΙΚΕΙΟ ΦΛΩΡΙΝΑΣ', 1),
(386, 'ΠΡΩΤΟΔΙΚΕΙΟ ΧΑΛΚΙΔΑΣ', 1),
(387, 'ΠΡΩΤΟΔΙΚΕΙΟ ΧΑΛΚΙΔΙΚΗΣ', 1),
(388, 'ΠΡΩΤΟΔΙΚΕΙΟ ΧΑΝΙΩΝ', 1),
(389, 'ΠΡΩΤΟΔΙΚΕΙΟ ΧΙΟΥ', 1),
(390, 'ΠΤΑΙΣΜΑΤΟΔΙΚΕΙΟ ΑΓΡΙΝΙΟΥ', 1),
(391, 'ΠΤΑΙΣΜΑΤΟΔΙΚΕΙΟ ΑΘΗΝΩΝ', 1),
(392, 'ΠΤΑΙΣΜΑΤΟΔΙΚΕΙΟ ΑΙΓΙΑΛΗΣ', 1),
(393, 'ΠΤΑΙΣΜΑΤΟΔΙΚΕΙΟ ΑΜΑΛΙΑΔΑΣ', 1),
(394, 'ΠΤΑΙΣΜΑΤΟΔΙΚΕΙΟ ΑΡΓΟΥΣ', 1),
(395, 'ΠΤΑΙΣΜΑΤΟΔΙΚΕΙΟ ΑΡΤΑΣ', 1),
(396, 'ΠΤΑΙΣΜΑΤΟΔΙΚΕΙΟ ΒΑΛΤΟΥ', 1),
(397, 'ΠΤΑΙΣΜΑΤΟΔΙΚΕΙΟ ΒΕΡΟΙΑΣ', 1),
(398, 'ΠΤΑΙΣΜΑΤΟΔΙΚΕΙΟ ΒΟΛΟΥ', 1),
(399, 'ΠΤΑΙΣΜΑΤΟΔΙΚΕΙΟ ΓΙΑΝΝΙΤΣΩΝ', 1),
(400, 'ΠΤΑΙΣΜΑΤΟΔΙΚΕΙΟ ΔΡΑΜΑΣ', 1),
(401, 'ΠΤΑΙΣΜΑΤΟΔΙΚΕΙΟ ΕΛΑΣΣΟΝΑΣ', 1),
(402, 'ΠΤΑΙΣΜΑΤΟΔΙΚΕΙΟ ΗΡΑΚΛΕΙΟΥ', 1),
(403, 'ΠΤΑΙΣΜΑΤΟΔΙΚΕΙΟ ΘΕΣΣΑΛΟΝΙΚΗΣ', 1),
(404, 'ΠΤΑΙΣΜΑΤΟΔΙΚΕΙΟ ΘΗΒΩΝ', 1),
(405, 'ΠΤΑΙΣΜΑΤΟΔΙΚΕΙΟ ΙΩΑΝΝΙΝΩΝ', 1),
(406, 'ΠΤΑΙΣΜΑΤΟΔΙΚΕΙΟ ΚΑΒΑΛΑΣ', 1),
(407, 'ΠΤΑΙΣΜΑΤΟΔΙΚΕΙΟ ΚΑΛΑΜΑΤΑΣ', 1),
(408, 'ΠΤΑΙΣΜΑΤΟΔΙΚΕΙΟ ΚΑΡΔΙΤΣΑΣ', 1),
(409, 'ΠΤΑΙΣΜΑΤΟΔΙΚΕΙΟ ΚΕΡΚΥΡΑΣ', 1),
(410, 'ΠΤΑΙΣΜΑΤΟΔΙΚΕΙΟ ΚΟΖΑΝΗΣ', 1),
(411, 'ΠΤΑΙΣΜΑΤΟΔΙΚΕΙΟ ΚΟΜΟΤΗΝΗΣ', 1),
(412, 'ΠΤΑΙΣΜΑΤΟΔΙΚΕΙΟ ΚΟΡΙΝΘΟΥ', 1),
(413, 'ΠΤΑΙΣΜΑΤΟΔΙΚΕΙΟ ΚΩ', 1),
(414, 'ΠΤΑΙΣΜΑΤΟΔΙΚΕΙΟ ΛΑΜΙΑΣ', 1),
(415, 'ΠΤΑΙΣΜΑΤΟΔΙΚΕΙΟ ΛΑΡΙΣΑΣ', 1),
(416, 'ΠΤΑΙΣΜΑΤΟΔΙΚΕΙΟ ΛΕΙΒΑΔΙΑΣ', 1),
(417, 'ΠΤΑΙΣΜΑΤΟΔΙΚΕΙΟ ΜΕΣΟΛΟΓΓΙΟΥ', 1),
(418, 'ΠΤΑΙΣΜΑΤΟΔΙΚΕΙΟ ΜΥΤΙΛΗΝΗΣ', 1),
(419, 'ΠΤΑΙΣΜΑΤΟΔΙΚΕΙΟ ΝΑΥΠΛΙΟΥ', 1),
(420, 'ΠΤΑΙΣΜΑΤΟΔΙΚΕΙΟ ΠΑΤΡΩΝ', 1),
(421, 'ΠΤΑΙΣΜΑΤΟΔΙΚΕΙΟ ΠΕΙΡΑΙΑ', 1),
(422, 'ΠΤΑΙΣΜΑΤΟΔΙΚΕΙΟ ΠΙΕΡΙΑΣ', 1),
(423, 'ΠΤΑΙΣΜΑΤΟΔΙΚΕΙΟ ΠΥΡΓΟΥ', 1),
(424, 'ΠΤΑΙΣΜΑΤΟΔΙΚΕΙΟ ΡΕΘΥΜΝΟΥ', 1),
(425, 'ΠΤΑΙΣΜΑΤΟΔΙΚΕΙΟ ΡΟΔΟΥ', 1),
(426, 'ΠΤΑΙΣΜΑΤΟΔΙΚΕΙΟ ΣΕΡΡΩΝ', 1),
(427, 'ΠΤΑΙΣΜΑΤΟΔΙΚΕΙΟ ΣΙΚΥΩΝΟΣ', 1),
(428, 'ΠΤΑΙΣΜΑΤΟΔΙΚΕΙΟ ΣΠΑΡΤΗΣ', 1),
(429, 'ΠΤΑΙΣΜΑΤΟΔΙΚΕΙΟ ΤΡΙΚΑΛΩΝ', 1),
(430, 'ΠΤΑΙΣΜΑΤΟΔΙΚΕΙΟ ΤΡΙΠΟΛΕΩΣ', 1),
(431, 'ΠΤΑΙΣΜΑΤΟΔΙΚΕΙΟ ΧΑΛΚΙΔΑΣ', 1),
(432, 'ΠΤΑΙΣΜΑΤΟΔΙΚΕΙΟ ΧΑΝΙΩΝ', 1),
(433, 'Αγ. Παρασκευής', 2),
(434, 'Αθηνών', 2),
(435, 'Αιγάλεω', 2),
(436, 'Α?αρουσίου', 2),
(437, 'Αχαρνών', 2),
(438, 'Βούλας', 2),
(439, 'Βύρωνος', 2),
(440, 'Γλυφάδας', 2),
(441, 'Ειδυλλίας', 2),
(442, 'Ελευσίνας', 2),
(443, 'Ζωγράφου', 2),
(444, 'Ηλιουπόλεως', 2),
(445, 'Ιλίου', 2),
(446, 'Καλλιθέας', 2),
(447, 'Κερατέας', 2),
(448, 'Κηφισιάς', 2),
(449, 'Κρωπίας', 2),
(450, 'Λαυρίου', 2),
(451, 'Μαραθώνος', 2),
(452, 'Μεγάρων', 2),
(453, 'Ν. Ερυθραίας', 2),
(454, 'Ν. Ιωνίας', 2),
(455, 'Ν. Σ?ύρνης', 2),
(456, 'Ν. Φιλαδελφείας', 2),
(457, 'Παλ. Φαλήρου', 2),
(458, 'Παπάγου', 2),
(459, 'Περιστερίου', 2),
(460, 'Σπάτων', 2),
(461, 'Χαϊδαρίου', 2),
(462, 'Χαλανδρίου', 2),
(463, 'Ωρωπού', 2),
(464, 'Πειραιώς', 2),
(465, 'Αίγινας', 2),
(466, 'Κέας', 2),
(467, 'Κυθήρων', 2),
(468, 'Νίκαιας', 2),
(469, 'Πόρου', 2),
(470, 'Σαλα?ίνας', 2),
(471, 'Σπετσών', 2),
(472, 'Ύδρας', 2),
(473, 'Θεσσαλονίκης', 2),
(474, 'Βασιλικών', 2),
(475, 'Καλα?αριάς', 2),
(476, 'Κουφαλίων', 2),
(477, 'Λαγκαδά', 2),
(478, 'Νεάπολης', 2),
(479, 'Σοχού', 2),
(480, 'Πατρών', 2),
(481, 'Δύ?ης', 2),
(482, 'Τριταίας', 2),
(483, 'Φαρρών', 2),
(484, 'Αγρινίου Α', 2),
(485, 'Αγρινίου Β', 2),
(486, 'Θέρ?ου', 2),
(487, 'Βάλτου', 2),
(488, 'Αιγιαλείας', 2),
(489, 'Ερινεού', 2),
(490, 'Α?αλιάδος', 2),
(491, 'Μυρτουντίων', 2),
(492, 'Γαστούνης', 2),
(493, 'Βαρθολο?ιού', 2),
(494, 'Βάρδας', 2),
(495, 'Α?φίσσης', 2),
(496, 'Ιτέας', 2),
(497, 'Ευπαλίου', 2),
(498, 'Γαλαξειδίου', 2),
(499, 'Δωριέων', 2),
(500, 'Δεσφίνης', 2),
(501, 'Δωρίδος', 2),
(502, 'Κροκυλείου', 2),
(503, 'Τολοφώνος', 2),
(504, 'Δελφών', 2),
(505, 'Άνω Κλεντίνης', 2),
(506, 'Άρτας', 2),
(507, 'Φιλιππιάδος', 2),
(508, 'Τζου?έρκων', 2),
(509, 'Δροσοπηγής', 2),
(510, 'Βέροιας', 2),
(511, 'Ναούσης', 2),
(512, 'Αλεξάνδρειας', 2),
(513, 'Βόλου', 2),
(514, 'Σκοπέλου', 2),
(515, 'Σκιάθου', 2),
(516, 'Αλ?υρού', 2),
(517, 'Φερρών (Βελεστίνο)', 2),
(518, 'Νηλείας, (Άνω Λεχωνία, Μαγνησίας)', 2),
(519, 'Μηλέων', 2),
(520, 'Αργαλαστής', 2),
(521, 'Ζαγοράς', 2),
(522, 'Αχιλλείου (Σούρπη)', 2),
(523, 'Γρεβενών', 2),
(524, 'Δεσκάτης', 2),
(525, 'Πενταλόφου', 2),
(526, 'Γυθείου', 2),
(527, 'Νεαπόλεως, Βοΐων', 2),
(528, 'Οιτύλου (Αρεόπολη)', 2),
(529, 'Μελιντίνης (Αγ. Νικόλαος)', 2),
(530, 'Δρά?ας', 2),
(531, 'Νευροκοπίου', 2),
(532, 'Νέστου', 2),
(533, 'Αλεξανδρουπόλεως', 2),
(534, 'Διδυ?οτείχου', 2),
(535, 'Δικαίων', 2),
(536, 'Ορεστιάδος', 2),
(537, 'Σουφλίου', 2),
(538, 'Σα?οθράκης', 2),
(539, 'Εδέσσης', 2),
(540, 'Σκύδρας', 2),
(541, 'Γιαννιτσών', 2),
(542, 'Αλ?ωπίας', 2),
(543, 'Καρπενησίου', 2),
(544, 'Κτη?ένιων', 2),
(545, 'Αρακύνθιων (Προυσός)', 2),
(546, 'Απεράντιων (Γρανίτσα)', 2),
(547, 'Αγραίων (Κερασοχώρι)', 2),
(548, 'Ζακύνθου', 2),
(549, 'Πύργου', 2),
(550, 'Ολύ?πιων (Πελοπίον)', 2),
(551, 'Ωλένης (Καρατούλα)', 2),
(552, 'Κρεστένων', 2),
(553, 'Ανδρίτσαινας', 2),
(554, 'Ελευσίνος (Κοντοβάζαινα)', 2),
(555, 'Λα?πείας', 2),
(556, 'Ηρακλείου', 2),
(557, 'Μοιρών', 2),
(558, 'Χερσονήσου', 2),
(559, 'Καστελίου', 2),
(560, 'Πεύκου - Βιανού', 2),
(561, 'Πύργου', 2),
(562, 'Βορρών', 2),
(563, 'Αρκαλοχωρίου', 2),
(564, 'Αρχανών', 2),
(565, 'Ηγου?ενίτσης', 2),
(566, 'Φιλιατών', 2),
(567, 'Παρα?υθιάς', 2),
(568, 'Θηβών', 2),
(569, 'Θίσβης (Δό?βραινα)', 2),
(570, 'Θεσπίων (Βάγια)', 2),
(571, 'Ερυθρών', 2),
(572, 'Ιωαννίνων', 2),
(573, 'Κόνιτσας', 2),
(574, 'Πωγωνίου', 2),
(575, 'Ζαγορίου (Κήποι)', 2),
(576, 'Πρα?άντων', 2),
(577, 'Μετσόβου', 2),
(578, 'Καβάλας', 2),
(579, 'Παγγαίου (Ελευθερούπολη)', 2),
(580, 'Θάσου', 2),
(581, 'Χρυσουπόλεως', 2),
(582, 'Καλα?άτας', 2),
(583, 'Οιχαλίας (Μελιγαλάς)', 2),
(584, 'Πα?ίσου (Μεσσήνη)', 2),
(585, 'Πύλου', 2),
(586, 'Θουρίας', 2),
(587, 'Αβίας (Κά?πος)', 2),
(588, 'Κορώνης', 2),
(589, 'Μεθώνης', 2),
(590, 'Αλαγωνίας', 2),
(591, 'Ά?φειας (Κάτω Αρφαρά)', 2),
(592, 'Βουφράδος (Χατζή)', 2),
(593, 'Εύας (Ανδρούσα)', 2),
(594, 'Άριως', 2),
(595, 'Καρδα?ύλης', 2),
(596, 'Λεύκτρου (Πλατσά)', 2),
(597, 'Πεταλιδίου', 2),
(598, 'Καλαβρύτων', 2),
(599, 'Κλειτορίας', 2),
(600, 'Ακράτας', 2),
(601, 'Αροάνειας', 2),
(602, 'Καρδίτσας', 2),
(603, 'Σοφάδων', 2),
(604, 'Παλα?ά', 2),
(605, 'Μουζακίου', 2),
(606, 'Ρεντίνης', 2),
(607, 'Καστοριάς', 2),
(608, 'Κλεισούρας', 2),
(609, 'Κορεστίων', 2),
(610, 'Νεστορίου', 2),
(611, 'Κατερίνης', 2),
(612, 'Κολίνδρου', 2),
(613, 'Κέρκυρας', 2),
(614, 'Μέσης', 2),
(615, 'Επιλί?νιων (Σκρίπερο)', 2),
(616, 'Όρους (Αγ. Δούλοι)', 2),
(617, 'Λευκί?ης', 2),
(618, 'Παξών', 2),
(619, 'Αργοστολίου', 2),
(620, 'Ληξουρίου', 2),
(621, 'Ερεσσού', 2),
(622, 'Ιθάκης', 2),
(623, 'Προννών (Χιονάτα)', 2),
(624, 'Σα?αίων Αιγιαλαίας (Σά?η)', 2),
(625, 'Κιλκίς', 2),
(626, 'Γου?ενίσσης', 2),
(627, 'Μουρίων', 2),
(628, 'Ζίτσης', 2),
(629, 'Πολυκάστρου', 2),
(630, 'Κοζάνης', 2),
(631, 'Εορδαίας (Πτολε?αΐδα)', 2),
(632, 'Σιάτιστας', 2),
(633, 'Σερβίων', 2),
(634, 'Ανασελίτσας', 2),
(635, 'Κορίνθου Α', 2),
(636, 'Κορίνθου Β', 2),
(637, 'Νε?έας', 2),
(638, 'Δερβενίου', 2),
(639, 'Ξυλοκάστρου', 2),
(640, 'Σικυώνος (Κιάτο)', 2),
(641, 'Σολυγείας', 2),
(642, 'Στυ?φαλίας (Καλλιάνοι)', 2),
(643, 'Φενέων (Γκούρα)', 2),
(644, 'Κυπαρισσίας', 2),
(645, 'Δωρίου', 2),
(646, 'Εράνης (Φιλιατρά)', 2),
(647, 'Πλατα?ήδους (Γαργαλιάνοι)', 2),
(648, 'Φλεσιάδος (Χώρα)', 2),
(649, 'Αρήνης (Ζαχάρω)', 2),
(650, 'Αυλώνος (Σιδηρόκαστρο)', 2),
(651, 'Ν. Φυγαλείας', 2),
(652, 'Καλύ?νου', 2),
(653, 'Λέρου', 2),
(654, 'Πάτ?ου', 2),
(655, 'Νισύρου', 2),
(656, 'Αστυπάλαιας', 2),
(657, 'Λα?ίας', 2),
(658, 'Αταλάντης', 2),
(659, 'Σπερχειάδος', 2),
(660, 'Θερ?οπυλών', 2),
(661, 'Δο?οκού', 2),
(662, 'Φαλάρων', 2),
(663, 'Ελάτειας', 2),
(664, 'Μακρακώ?ης', 2),
(665, 'Υπάτης', 2),
(666, 'Δρυ?ίας (Α?φίκλεια)', 2),
(667, 'Λαρίσης', 2),
(668, 'Τυρνάβου', 2),
(669, 'Φαρσάλων', 2),
(670, 'Ελασσόνας', 2),
(671, 'Αγιάς', 2),
(672, 'Κισσάβου (Συκούριον)', 2),
(673, 'Ολύ?που', 2),
(674, 'Αγ. Νικολάου', 2),
(675, 'Σητείας', 2),
(676, 'Τζερ?ιάδων', 2),
(677, 'Νεάπολης', 2),
(678, 'Ιεράπετρας', 2),
(679, 'Λιβαδειάς', 2),
(680, 'Ορχο?ενού', 2),
(681, 'Αλιάρτου', 2),
(682, 'Α?βρύσσου (Δίστο?ο)', 2),
(683, 'Αραχώβης', 2),
(684, 'Δαυλείας', 2),
(685, 'Λευκάδος', 2),
(686, 'Καρυάς', 2),
(687, 'Βόνιτσας', 2),
(688, 'Απολλώνιων', 2),
(689, 'Σολίου', 2),
(690, 'Μεσολογγίου', 2),
(691, 'Ναυπάκτου', 2),
(692, 'Παραχελωϊτίδος (Νεοχώριο)', 2),
(693, 'Αιτωλικού (Άνω Χώρα)', 2),
(694, 'Αποδοτίας', 2),
(695, 'Μακρυνείας (Γαβαλού)', 2),
(696, 'Ξηρο?έρου', 2),
(697, 'Προσχίου (Πλάτανος)', 2),
(698, 'Μυτιλήνης', 2),
(699, 'Αγιάσου', 2),
(700, 'Καλλονής', 2),
(701, 'Μανδα?άδου', 2),
(702, 'Παπάδου (Γέρα)', 2),
(703, 'Πλω?αρίου', 2),
(704, 'Ερεσσού', 2),
(705, 'Μηθύ?νης', 2),
(706, 'Πολυχνίτου', 2),
(707, 'Λή?νου', 2),
(708, 'Μούδρου', 2),
(709, 'Μύρινας', 2),
(710, 'Άργους', 2),
(711, 'Άστρους', 2),
(712, 'Μασσητός (Κρανίδι)', 2),
(713, 'Πρασιών (Λεωνίδιο)', 2),
(714, 'Επιδαύρου', 2),
(715, 'Ναυπλίου', 2),
(716, 'Νάξου', 2),
(717, 'Θήρας', 2),
(718, 'Α?οργού', 2),
(719, 'Ίου', 2),
(720, 'Τραγαίας', 2),
(721, 'Ανάφης', 2),
(722, 'Φολέγανδρου', 2),
(723, 'Σικίνου', 2),
(724, 'Ξάνθης', 2),
(725, 'Σταυρουπόλεως', 2),
(726, 'Διδυ?ότειχου', 2),
(727, 'Ορεστιάδας', 2),
(728, 'Πρεβέζης', 2),
(729, 'Πάργας', 2),
(730, 'Θεσπρωτικού', 2),
(731, 'Ρεθύ?νης', 2),
(732, 'Μυλοποτά?ου (Πάνορ?ος)', 2),
(733, 'Α?αρίου', 2),
(734, 'Σπηλίου', 2),
(735, 'Κο?οτηνής', 2),
(736, 'Σαππών', 2),
(737, 'Καρπάθου', 2),
(738, 'Μεγίστης (Καστελόριζο)', 2),
(739, 'Σύ?ης', 2),
(740, 'Σά?ου', 2),
(741, 'Καρλοβασίου', 2),
(742, 'Χώρας', 2),
(743, 'Μαραθοκά?που', 2),
(744, 'Πύργου', 2),
(745, 'Ευδήλου', 2),
(746, 'Ικαρίας', 2),
(747, 'Σερρών', 2),
(748, 'Νιγρίτης', 2),
(749, 'Ροδολιβού', 2),
(750, 'Συντίκου', 2),
(751, 'Φύλλιδος (Ν. Ζίχνη)', 2),
(752, 'Ηράκλειας', 2),
(753, 'Ποροϊών', 2),
(754, 'Σπάρτης', 2),
(755, 'Κροκέων', 2),
(756, 'Επιδαύρου Λί?ηρας', 2),
(757, 'Γερονθρών (Γεράκι)', 2),
(758, 'Θεραπνών (Γκορίτσα)', 2),
(759, 'Καστορίου (Καστανιά)', 2),
(760, 'Μονε?βασιάς', 2),
(761, 'Οινούντος (Βρέσθενα)', 2),
(762, 'Σελλάσιας (Βούρλια)', 2),
(763, 'Φαρίδος (Ξηροκά?πι)', 2),
(764, 'Ερ?ουπόλεως', 2),
(765, 'Κορθίου', 2),
(766, 'Χώρας Άνδρου', 2),
(767, 'Γαυρίου Άνδρου', 2),
(768, 'Πάρου', 2),
(769, 'Μυκόνου', 2),
(770, 'Τήνου', 2),
(771, 'Μήλου', 2),
(772, 'Κι?ώλου', 2),
(773, 'Κύθνου', 2),
(774, 'Σερίφου', 2),
(775, 'Σίφνου', 2),
(776, 'Τρικάλων', 2),
(777, 'Πύρρας (Πύλη)', 2),
(778, 'Καλα?πάκας', 2),
(779, 'Φαρκαδώνα', 2),
(780, 'Τριπόλεως (Βορ. Πλευράς)', 2),
(781, 'Τριπόλεως (Νότ. Πλευράς)', 2),
(782, 'Ορχο?ενού (Λεβίδι)', 2),
(783, 'Τάνιας (Δολιανών)', 2),
(784, 'Μεγαλόπολης', 2),
(785, 'Βυτίνας', 2),
(786, 'Λαγκαδίων', 2),
(787, 'Νυ?φασίας (Βυτίνα)', 2),
(788, 'Τευθίδος (Λαγκαδιά)', 2),
(789, 'Τρικολώνων (Στε?νίτσα)', 2),
(790, 'Ψωφίδος (Δη?ητσάνα)', 2),
(791, 'Πάρνωνος (Αγ. Πέτρος)', 2),
(792, 'Φλωρίνης', 2),
(793, 'Α?υνταίου', 2),
(794, 'Πρεσπών', 2),
(795, 'Χανίων', 2),
(796, 'Αλικιανού', 2),
(797, 'Καστελίου Κισσά?ου', 2),
(798, 'Κανδάνου', 2),
(799, 'Βά?ου', 2),
(800, 'Κολυ?βαρίου', 2),
(801, 'Χώρας Σφακίων', 2),
(802, 'Πολυγύρου', 2),
(803, 'Νέων Μουδανιών', 2),
(804, 'Κασσάνδρας', 2),
(805, 'Άρνης', 2),
(806, 'Ιερισσού', 2),
(807, 'Συκιάς', 2),
(808, 'Χαλκίδας', 2),
(809, 'Ιστιαίας', 2),
(810, 'Κύ?ης', 2),
(811, 'Τα?υνυέων', 2),
(812, 'Ερέτριας', 2),
(813, 'Αγίας Άννης', 2),
(814, 'Καρύστου', 2),
(815, 'Στύρων', 2),
(816, 'Αυλώνος', 2),
(817, 'Λί?νης', 2),
(818, 'Μαρ?αρίου', 2),
(819, 'Σκύρου', 2),
(820, 'Χίου', 2),
(821, 'Βολισσού', 2),
(822, 'Καρδα?ύλων', 2),
(823, 'Μαστιχοχωρίων', 2),
(824, 'Καλλι?άσιας', 2),
(825, 'Ν. ΑΙΤΩΛΟΑΚΑΡΝΑΝΙΑΣ - ΔΗΜΟΣ ΑΙΤΩΛΙΚΟΥ - Βίτσι 4, Αιτωλικό Αιτωλοακαρνανίας', 3),
(826, 'Ν. ΑΙΤΩΛΟΑΚΑΡΝΑΝΙΑΣ - ΔΗΜΟΣ ΜΕΣΟΛΟΓΓΙΟΥ - Ιωσήφ Ρωγών 2, Μεσολόγγι', 3),
(827, 'Ν. ΑΙΤΩΛΟΑΚΑΡΝΑΝΙΑΣ - ΔΗΜΟΣ ΠΑΡΑΧΕΛΩΙΤΙΔΟΣ - Νεοχώρι Αιτωλοακαρναίας', 3),
(828, 'Ν. ΑΛΕΞΑΝΔΡΟΥΠΟΛΗΣ - ΔΗΜΟΣ ΑΛΕΞΑΝΔΡΟΥΠΟΛΗΣ - 14ης Μαΐου 1-3, Αλεξανδρούπολη', 3),
(829, 'Ν. ΑΡΓΟΛΙΔΑΣ - ΔΗΜΟΣ ΑΡΓΟΥΣ - Ινάχου 196, Άργος', 3),
(830, 'Ν. ΑΡΚΑΔΙΑΣ - ΔΗΜΟΣ ΑΣΤΡΟΥΣ - Άστρος, Άστρος Κυνουρίας', 3),
(831, 'Ν. ΑΡΤΑΣ - ΔΗΜΟΣ ΑΡΤΑΣ - Γεωργίου Μάτσου 7, Άρτα', 3),
(832, 'Ν. ΑΤΤΙΚΗΣ - ΔΗΜΟΣ ΑΓΙΑΣ ΠΑΡΑΣΚΕΥΗΣ - Ψαρρών 43, Αγ. Παρασκευή', 3),
(833, 'Ν. ΑΤΤΙΚΗΣ - ΔΗΜΟΣ ΑΜΑΡΟΥΣΙΟΥ - Λ. Κηφισίας 137, Μαρούσι', 3),
(834, 'Ν. ΑΤΤΙΚΗΣ - ΔΗΜΟΣ ΒΥΡΩΝΑ - Ελλησπόντου 13-15 & Αϊδηνίου, Βύρωνας', 3),
(835, 'Ν. ΑΤΤΙΚΗΣ - ΔΗΜΟΣ ΕΛΕΥΣΙΝΑΣ - Άρη Βελουχιώτη 42, Ελευσίνα', 3),
(836, 'Ν. ΑΤΤΙΚΗΣ - ΔΗΜΟΣ ΖΩΓΡΑΦΟΥ - Αγίας Λαύρας 5-7, Ζωγράφου', 3),
(837, 'Ν. ΑΤΤΙΚΗΣ - ΔΗΜΟΣ ΗΛΙΟΥΠΟΛΗΣ - Κυδαθηναίων 5, Ηλιούπολη', 3),
(838, 'Ν. ΑΤΤΙΚΗΣ - ΔΗΜΟΣ ΚΟΡΩΠΙΟΥ - Β. Κωνσταντίνου 2, Κορωπί', 3),
(839, 'Ν. ΑΤΤΙΚΗΣ - ΔΗΜΟΣ ΜΕΓΑΡΩΝ - Πάροδος Κολοκοτρώνη, Μέγαρα', 3),
(840, 'Ν. ΑΤΤΙΚΗΣ - ΔΗΜΟΣ ΝΕΑΣ ΣΜΥΡΝΗΣ - Ελευθερίου Βενιζέλου 161 & Μυκάλης, Νέα Σμύρνη Αττικής', 3),
(841, 'Ν. ΑΤΤΙΚΗΣ - ΔΗΜΟΣ ΝΙΚΑΙΑΣ - Π. Ράλλη 349 & Κιλικίας 18, Νίκαια Αττικής', 3),
(842, 'Ν. ΑΤΤΙΚΗΣ - ΔΗΜΟΣ ΠΑΠΑΓΟΥ - Μακεδονίας 8, Παπάγος', 3),
(843, 'Ν. ΑΤΤΙΚΗΣ - ΔΗΜΟΣ ΠΕΙΡΑΙΩΣ - Υψηλάντου 170, Πειραιάς', 3),
(844, 'Ν. ΑΤΤΙΚΗΣ - ΔΗΜΟΣ ΣΑΛΑΜΙΝΑΣ - Λ. Σαλαμίνας 28, Σαλαμίνα', 3),
(845, 'Ν. ΑΤΤΙΚΗΣ - ΔΗΜΟΣ ΣΠΑΤΩΝ - Θερμοπυλών 3, Σπάτα Αττικής', 3),
(846, 'Ν. ΑΤΤΙΚΗΣ - ΔΗΜΟΣ ΧΑΛΑΝΔΡΙΟΥ - Αγίας Παρασκευής 70, Χαλάνδρι', 3),
(847, 'Ν. ΑΧΑΙΑΣ - ΔΗΜΟΥ ΠΑΤΡΩΝ - Αγίου Ανδρέου 103, Πάτρα', 3),
(848, 'Ν. ΒΟΙΩΤΙΑΣ - ΔΗΜΟΣ ΟΡΧΟΜΕΝΟΥ - Πλάτωνος 1, Ορχομενός Βοιωτίας', 3),
(849, 'Ν. ΓΡΕΒΕΝΩΝ - ΔΗΜΟΣ ΓΡΕΒΕΝΩΝ - Βενιζέλου 5, Γρεβενά', 3),
(850, 'Ν. ΔΡΑΜΑΣ - ΔΗΜΟΣ ΔΡΑΜΑΣ - Δικαστικό Μέγαρο Δράμας, Δράμα', 3),
(851, 'Ν. ΔΩΔΕΚΑΝΗΣΣΟΥ - ΔΗΜΟΣ ΣΥΜΗΣ - Σύμη', 3),
(852, 'Ν. ΔΩΔΕΚΑΝΗΣΣΟΥ - ΔΗΜΟΥ ΠΑΤΜΟΥ - Σκάλα Πάτμου, Πάτμος', 3),
(853, 'Ν. ΕΥΒΟΙΑΣ - ΔΗΜΟΣ ΧΑΛΚΙΔΟΣ - Βενιζέλου 41, Χαλκίδα Ευβοίας', 3),
(854, 'Ν. ΕΥΡΥΤΑΝΙΑΣ - ΔΗΜΟΣ ΚΑΡΠΕΝΗΣΙΟΥ - Αγίου Νικολάου 1, Καρπενήσι Ευρυτανίας', 3),
(855, 'Ν. ΖΑΚΥΝΘΟΥ - ΔΗΜΟΣ ΖΑΚΥΝΘΟΥ - Κάλβου 103, Ζάκυνθος', 3),
(856, 'Ν. ΗΛΕΙΑΣ - ΔΗΜΟΣ ΒΑΡΔΑΣ - Βάρδα, Βάρδα Ηλείας', 3),
(857, 'Ν. ΗΛΕΙΑΣ - ΔΗΜΟΣ ΛΕΧΑΙΝΩΝ-ΜΥΡΤΟΥΝΤΙΩΝ - Σπηλιωπούλου 2, Λεχαινά Ηλείας', 3),
(858, 'Ν. ΗΜΑΘΙΑΣ - ΔΗΜΟΣ ΒΕΡΟΙΑΣ - Μαλακούση 4, Βέροια Ημαθίας', 3),
(859, 'Ν. ΘΕΣΠΡΩΤΙΑΣ - ΔΗΜΟΣ ΦΙΛΙΑΤΩΝ - Φιλιάτες, Φιλιάτες Θεσπρωτίας', 3),
(860, 'Ν. ΘΕΣΣΑΛΟΝΙΚΗΣ - ΔΗΜΟΣ ΒΑΣΙΛΙΚΩΝ - Αγ. Αναστασίας 4, Βασιλικά Θεσσαλονίκης', 3),
(861, 'Ν. ΘΕΣΣΑΛΟΝΙΚΗΣ - ΔΗΜΟΣ ΘΕΣΣΑΛΟΝΙΚΗΣ - Φράγκων 6-8, Θεσσαλονίκη', 3),
(862, 'Ν. ΘΕΣΣΑΛΟΝΙΚΗΣ - ΔΗΜΟΣ ΚΑΛΑΜΑΡΙΑΣ - Μουσχουντή 8, Καλαμαριά Θεσσαλονίκης', 3),
(863, 'Ν. ΘΕΣΣΑΛΟΝΙΚΗΣ - ΔΗΜΟΣ ΛΑΓΚΑΔΑ - Λαχανά 1, Λαγκαδάς', 3),
(864, 'Ν. ΘΕΣΣΑΛΟΝΙΚΗΣ - ΔΗΜΟΣ ΝΕΑΠΟΛΗΣ - Τέρμα Ελ. Βενιζέλου, Νεάπολη Θεσσαλονίκης', 3),
(865, 'Ν. ΙΩΑΝΝΙΝΩΝ - ΔΗΜΟΣ ΙΩΑΝΝΙΝΩΝ - 8ης Μεραρχίας 5-7, 5ος Όροφος, Ριζάρειος Πολιτεία, Ιωάννινα', 3),
(866, 'Ν. ΚΑΒΑΛΑΣ - ΔΗΜΟΣ ΚΑΒΑΛΑΣ - Αμερικανικού Ερυθρού Σταυρού 59, Καβάλα', 3),
(867, 'Ν. ΚΑΒΑΛΑΣ - ΔΗΜΟΣ ΠΑΓΓΑΙΟΥ - Ελευθερούπολη, Ελευθερούπολη Καβάλας', 3),
(868, 'Ν. ΚΑΒΑΛΑΣ - ΔΗΜΟΣ ΧΡΥΣΟΥΠΟΛΕΩΣ - 7ης Μεραρχίας 3, Χρυσούπολη Καβάλας', 3),
(869, 'Ν. ΚΑΡΔΙΤΣΑΣ - ΔΗΜΟΣ ΚΑΡΔΙΤΣΑΣ - 25ης Μαρτίου & Γουλιανού 2, Καρδίτσα', 3),
(870, 'Ν. ΚΑΣΤΟΡΙΑΣ - ΔΗΜΟΣ ΚΑΣΤΟΡΙΑΣ - Μεγάλου Αλεξάνδρου 15, Καστοριά', 3),
(871, 'Ν. ΚΕΡΚΥΡΑΣ - ΔΗΜΟΣ ΕΠΙΛΙΜΝΙΩΝ - Σκριπερό, Κέρκυρας', 3),
(872, 'Ν. ΚΕΡΚΥΡΑΣ - ΔΗΜΟΣ ΚΕΡΚΥΡΑΣ - Τέρμα Κολοκοτρώνη, Κέρκυρα', 3),
(873, 'Ν. ΚΕΦΑΛΛΗΝΙΑΣ - ΔΗΜΟΣ ΑΡΓΟΣΤΟΛΙΟΥ - Λ. Ριζοσπαστών 27, Αργοστόλι', 3),
(874, 'Ν. ΚΕΦΑΛΛΗΝΙΑΣ - ΔΗΜΟΣ ΛΗΞΟΥΡΙΟΥ - Ληξούρι, Ληξούρι Κεφαλληνίας', 3),
(875, 'Ν. ΚΙΛΚΙΣ - ΔΗΜΟΣ ΓΟΥΜΕΝΙΣΣΑΣ - Ι. Δραγούμη 23, Γουμένισσα Κιλκίς', 3),
(876, 'Ν. ΚΙΛΚΙΣ - ΔΗΜΟΣ ΠΟΛΥΚΑΣΤΡΟΥ - Μεγ. Αλεξάνδρου & Αμπελοκήπων 1, Πολύκαστρο Κιλκίς', 3),
(877, 'Ν. ΚΟΖΑΝΗΣ - ΔΗΜΟΣ ΕΟΡΔΑΙΑΣ - 25ης Μαρτίου 29, Πτολεμαΐδα Κοζάνης', 3),
(878, 'Ν. ΚΟΡΙΝΘΙΑΣ - ΔΗΜΟΣ ΚΟΡΙΝΘΟΥ Α΄ - Αδειμάντου 60, Κόρινθος', 3),
(879, 'Ν. ΚΥΚΛΑΔΩΝ - ΔΗΜΟΣ ΘΗΡΑΣ - Φηρά Σαντορίνης, Σαντορίνη', 3),
(880, 'Ν. ΚΥΚΛΑΔΩΝ - ΔΗΜΟΣ ΜΗΛΟΥ - Τριοβάσαλος, Μήλος', 3),
(881, 'Ν. ΚΥΚΛΑΔΩΝ - ΔΗΜΟΣ ΜΥΚΟΝΟΥ - Μύκονος', 3),
(882, 'Ν. ΚΥΚΛΑΔΩΝ - ΔΗΜΟΣ ΣΙΦΝΟΥ - Σίφνος', 3),
(883, 'Ν. ΚΥΚΛΑΔΩΝ - ΔΗΜΟΣ ΣΥΡΟΥ-ΕΡΜΟΥΠΟΛΕΩΣ - Πρωτοπαπαδάκη 20, Ερμούπολη Σύρου', 3),
(884, 'Ν. ΛΑΚΩΝΙΑΣ - ΔΗΜΟΣ ΓΥΘΕΙΟΥ - Ιωάννου Γρηγοράκη 14, Γύθειο Λακωνίας', 3),
(885, 'Ν. ΛΑΚΩΝΙΑΣ - ΔΗΜΟΣ ΚΡΟΚΕΩΝ - Κροκεές, Κροκεές Λακωνίας', 3),
(886, 'Ν. ΛΑΡΙΣΗΣ - ΔΗΜΟΣ ΤΥΡΝΑΒΟΥ - Εθν. Ανεξαρτησίας 57, Τύρναβος Λάρισας', 3),
(887, 'Ν. ΛΑΣΙΘΙΟΥ - ΔΗΜΟΣ ΑΓΙΟΥ ΝΙΚΟΛΑΟΥ - Γαβριήλ 4, Άγιος Νικόλαος Λασιθίου', 3),
(888, 'Ν. ΛΕΣΒΟΥ - ΔΗΜΟΣ ΑΓΙΑΣΟΥ - Σταυρί, Αγιάσος Λέσβου', 3),
(889, 'Ν. ΛΕΣΒΟΥ - ΔΗΜΟΣ ΜΥΤΙΛΗΝΗΣ - Ναυμαχίας Έλλης 101, Μυτιλήνη', 3),
(890, 'Ν. ΛΕΣΒΟΥ - ΔΗΜΟΣ ΠΑΠΑΔΟΥ-ΓΕΡΑΣ - Παπάδος, Παπάδος Λέσβου', 3),
(891, 'Ν. ΛΕΥΚΑΔΑΣ - ΔΗΜΟΣ ΚΑΡΥΑΣ - Καρυά, Καρυά Λευκάδας', 3),
(892, 'Ν. ΛΕΥΚΑΔΑΣ - ΔΗΜΟΣ ΛΕΥΚΑΔΑΣ - Θ. Στράτου & Ν. Ζαμπελίου, Λευκάδα', 3),
(893, 'Ν. ΜΑΓΝΗΣΙΑΣ - ΔΗΜΟΣ ΑΛΜΥΡΟΥ - Κουμουνδούρου 15, Αλμυρός Μαγνησίας', 3),
(894, 'Ν. ΜΑΓΝΗΣΙΑΣ - ΔΗΜΟΣ ΣΚΙΑΘΟΥ - Αλέξανδρου Παπαδιαμάντη 18, Σκιάθος', 3),
(895, 'Ν. ΜΑΓΝΗΣΙΑΣ - ΔΗΜΟΣ ΣΚΟΠΕΛΟΥ - Σκόπελος', 3),
(896, 'Ν. ΜΕΣΣΗΝΙΑΣ - ΔΗΜΟΣ ΘΟΥΡΙΑΣ - Θουρία, Θουρία Μεσσηνίας', 3),
(897, 'Ν. ΜΕΣΣΗΝΙΑΣ - ΔΗΜΟΣ ΚΑΛΑΜΑΤΑΣ - Αριστοδήμου & Πανταζοπούλου, Καλαμάτα Μεσσηνίας', 3),
(898, 'Ν. ΜΕΣΣΗΝΙΑΣ - ΔΗΜΟΣ ΜΕΣΣΗΝΗΣ-ΠΑΜΙΣΟΥ - Πολυτεχνείου 47, Μεσσήνη', 3),
(899, 'Ν. ΞΑΝΘΗΣ - ΔΗΜΟΣ ΞΑΝΘΗΣ - Κεντρική Πλατεία Ξάνθης, Ξάνθη', 3),
(900, 'Ν. ΠΙΕΡΙΑΣ - ΔΗΜΟΣ ΚΟΛΙΝΔΡΟΥ - Μεγάλου Αλεξάνδρου 76Α, Κολινδρός Πιερίας', 3),
(901, 'Ν. ΠΡΕΒΕΖΑΣ - ΔΗΜΟΣ ΘΕΣΠΡΩΤΙΚΟΥ - Πάροδος Ναπολέοντος Ζέρβα, Θεσπρωτικό Πρέβεζας', 3),
(902, 'Ν. ΠΡΕΒΕΖΑΣ - ΔΗΜΟΣ ΦΙΛΙΠΠΙΑΔΟΣ - Κεντρική Πλατεία, Φιλιππιάδα Πρέβεζας', 3),
(903, 'Ν. ΡΕΘΥΜΝΟΥ - ΔΗΜΟΣ ΡΕΘΥΜΝΗΣ - Χορτάτζη 20, Ρέθυμνο', 3),
(904, 'Ν. ΡΟΔΟΠΗΣ - ΔΗΜΟΣ ΚΟΜΟΤΗΝΗΣ - Απ. Αποστολίδη 2, Κομοτηνή Ροδόπης', 3),
(905, 'Ν. ΣΕΡΡΩΝ - ΔΗΜΟΣ ΣΕΡΡΩΝ - Μεραρχίας 30, Σέρρες', 3),
(906, 'Ν. ΤΡΙΚΑΛΩΝ - ΔΗΜΟΣ ΤΡΙΚΑΛΩΝ - Βασ. Όλγας 3, Τρίκαλα', 3),
(907, 'Ν. ΦΘΙΩΤΙΔΑΣ - ΔΗΜΟΣ ΑΤΑΛΑΝΤΗΣ - Ρήγα Φεραίου 5, Αταλάντη Φθιώτιδας', 3),
(908, 'Ν. ΦΛΩΡΙΝΑΣ - ΔΗΜΟΣ ΑΜΥΝΤΑΙΟΥ - 28ης Οκτωβρίου 6-8, Αμύνταιο Φλώρινας', 3),
(909, 'Ν. ΦΛΩΡΙΝΑΣ - ΔΗΜΟΣ ΠΡΕΣΠΩΝ - Άγιος Γερμανός, Πρέσπες Φλώρινας', 3),
(910, 'Ν. ΦΛΩΡΙΝΗΣ - ΔΗΜΟΣ ΦΛΩΡΙΝΑΣ - Ηπείρου 26, Φλώρινα', 3),
(911, 'Ν. ΦΩΚΙΔΑΣ - ΔΗΜΟΣ ΑΜΦΙΣΣΑΣ - Κ. Σαθά 2, Άμφισσα', 3),
(912, 'Ν. ΦΩΚΙΔΑΣ - ΔΗΜΟΣ ΙΤΕΑΣ - 28ης Οκτωβρίου 19, Ιτέα Φωκίδας', 3),
(913, 'Ν. ΧΑΛΚΙΔΙΚΗΣ - ΔΗΜΟΣ ΣΥΚΕΑΣ - Συκέα Χαλκιδικής', 3),
(914, 'Ν. ΧΑΝΙΩΝ - ΔΗΜΟΣ ΜΟΥΡΝΙΕΣ - Ελευθερίου Βενιζέλου 76, Μουρνιές', 3),
(915, 'Ν. ΧΑΝΙΩΝ - ΔΗΜΟΣ ΧΑΝΙΩΝ - Ι. Σφακιανάκη 30, Χανιά', 3),
(916, 'Ν. ΧΙΟΣ - ΔΗΜΟΣ ΚΑΛΛΙΜΑΣΙΑΣ - Καλλιμασιά, Χίος', 3),
(917, 'Ν. ΧΙΟΥ - ΔΗΜΟΣ ΚΑΛΑΜΩΤΗΣ-ΜΑΣΤΙΧΩΡΙΟΥ - Μ. Γρηγοριάδη 18, Καλαμωτή Χίου', 3),
(918, 'Ν. ΧΙΟΥ - ΔΗΜΟΣ ΧΙΟΥ - Φλοίσκου 7, Χίος', 3),
(919, 'Ν. ΑΡΓΟΛΙΔΟΣ - ΔΗΜΟΣ ΝΑΥΠΛΙΕΩΝ ΤΟΠΙΚΟ ΔΙΑΜΕΡΙΣΜΑ ΝΑΥΠΛΙΕΩΝ - ΑΣΚΛΗΠΙΟΥ 41 ΚΑΙ ΠΕΡΓΑΜΟΥ', 4),
(920, 'Ν. ΑΡΚΑΔΙΑΣ - ΔΗΜΟΣ ΤΡΙΠΟΛΗΣ ΤΟΠΙΚΟ ΔΙΑΜΕΡΙΣΜΑ ΤΡΙΠΟΛΕΩΣ - ΛΕΩΦΟΡΟΣ ΟΗΕ 21-23, ΤΡΙΠΟΛΗ', 4),
(921, 'Ν. ΑΤΤΙΚΗΣ - ΔΗΜΟΣ ΑΓΙΑΣ ΒΑΡΒΑΡΑΣ - ΑΓΙΑΣ ΕΛΕΟΥΣΗΣ 6', 4),
(922, 'Ν. ΑΤΤΙΚΗΣ - ΔΗΜΟΣ ΑΓΙΟΥ ΣΤΕΦΑΝΟΥ - ΠΙΝΔΟΥ & ΣΩΚΡΑΤΟΥΣ 1, ΑΓΙΟΣ ΣΤΕΦΑΝΟΣ', 4),
(923, 'Ν. ΑΤΤΙΚΗΣ - ΔΗΜΟΣ ΑΓΙΩΝ ΑΝΑΡΓΥΡΩΝ - ΠΥΡΓΟΣ ΒΑΣΙΛΙΣΣΗΣ, ΙΛΙΟΝ', 4),
(924, 'Ν. ΑΤΤΙΚΗΣ - ΔΗΜΟΣ ΑΘΗΝΑΙΩΝ - ΕΥΡΙΠΙΔΟΥ 19, ΑΘΗΝΑ', 4),
(925, 'Ν. ΑΤΤΙΚΗΣ - ΔΗΜΟΣ ΑΘΗΝΑΙΩΝ - ΚΥΨΕΛΗΣ 94, ΑΘΗΝΑ', 4),
(926, 'Ν. ΑΤΤΙΚΗΣ - ΔΗΜΟΣ ΑΘΗΝΑΙΩΝ - ΟΛΥΜΠΙΑΚΑ ΑΚΙΝΗΤΑ ΓΟΥΔΗ', 4),
(927, 'Ν. ΑΤΤΙΚΗΣ - ΔΗΜΟΣ ΑΘΗΝΑΙΩΝ - ΟΛΥΜΠΙΑΚΑ ΑΚΙΝΗΤΑ ΠΑΛΑΙΟΥ ΦΑΛΗΡΟΥ (ΓΥΑΛΙΝΟ ΚΤΙΡΙΟ, 1ος ΟΡΟΦΟΣ)', 4),
(928, 'Ν. ΑΤΤΙΚΗΣ - ΔΗΜΟΣ ΑΘΗΝΑΙΩΝ - ΣΥΝΤΑΓΜΑ - ΣΤΑΘΜΟΣ ΜΕΤΡΟ (ΧΩΡΟΣ ΕΚΘΕΣΕΩΝ), ΑΘΗΝΑ', 4),
(929, 'Ν. ΑΤΤΙΚΗΣ - ΔΗΜΟΣ ΑΘΗΝΑΙΩΝ - ΤΙΜΟΛΕΟΝΤΟΣ ΒΑΣΣΟΥ 11-13, ΟΚΧΕ, ΑΘΗΝΑ', 4),
(930, 'Ν. ΑΤΤΙΚΗΣ - ΔΗΜΟΣ ΑΙΓΑΛΕΩ - ΣΟΛΩΜΟΥ 15 & ΚΥΠΑΡΙΣΣΙΑΣ', 4),
(931, 'Ν. ΑΤΤΙΚΗΣ - ΔΗΜΟΣ ΑΛΙΜΟΥ - ΠΡΩΗΝ ΔΥΤΙΚΟ ΑΕΡΟΔΡΟΜΙΟ ΕΛΛΗΝΙΚΟΥ', 4),
(932, 'Ν. ΑΤΤΙΚΗΣ - ΔΗΜΟΣ ΑΝΑΒΥΣΣΟΥ - ΑΓ. ΕΙΡΗΝΗΣ 8 ΚΑΙ 28ΗΣ ΟΚΤΩΒΡΙΟΥ 7, ΠΑΛΑΙΑ ΦΩΚΑΙΑ', 4),
(933, 'Ν. ΑΤΤΙΚΗΣ - ΔΗΜΟΣ ΑΝΟΙΞΕΩΣ - ΠΙΝΔΟΥ & ΣΩΚΡΑΤΟΥΣ 1, ΑΓΙΟΣ ΣΤΕΦΑΝΟΣ', 4),
(935, 'Ν. ΑΤΤΙΚΗΣ - ΔΗΜΟΣ ΑΡΓΥΡΟΥΠΟΛΕΩΣ - ΠΡΩΗΝ ΔΥΤΙΚΟ ΑΕΡΟΔΡΟΜΙΟ ΕΛΛΗΝΙΚΟΥ', 4),
(936, 'Ν. ΑΤΤΙΚΗΣ - ΔΗΜΟΣ ΑΣΠΡΟΠΥΡΓΟΥ - ΣΑΛΑΜΙΝΟΣ 17 & ΑΘΑΝΑΣΙΟΥ ΔΙΑΚΟΥ', 4),
(937, 'Ν. ΑΤΤΙΚΗΣ - ΔΗΜΟΣ ΑΧΑΡΝΩΝ - ΕΣΠΕΡΙΔΩΝ 18, ΑΧΑΡΝΕΣ', 4),
(938, 'Ν. ΑΤΤΙΚΗΣ - ΔΗΜΟΣ ΒΑΡΗΣ - ΠΡΩΗΝ ΔΥΤΙΚΟ ΑΕΡΟΔΡΟΜΙΟ ΕΛΛΗΝΙΚΟΥ', 4),
(939, 'Ν. ΑΤΤΙΚΗΣ - ΔΗΜΟΣ ΒΟΥΛΑΣ - ΠΡΩΗΝ ΔΥΤΙΚΟ ΑΕΡΟΔΡΟΜΙΟ ΕΛΛΗΝΙΚΟΥ', 4),
(940, 'Ν. ΑΤΤΙΚΗΣ - ΔΗΜΟΣ ΒΟΥΛΙΑΓΜΕΝΗΣ - ΠΡΩΗΝ ΔΥΤΙΚΟ ΑΕΡΟΔΡΟΜΙΟ ΕΛΛΗΝΙΚΟΥ', 4),
(941, 'Ν. ΑΤΤΙΚΗΣ - ΔΗΜΟΣ ΓΑΛΑΤΣΙΟΥ - ΑΡΧΙΜΗΔΟΥΣ 2 & ΙΠΠΟΚΡΑΤΟΥΣ, ΔΗΜΑΡΧΕΙΟ ΓΑΛΑΤΣΙΟΥ, 1ος όροφος', 4),
(942, 'Ν. ΑΤΤΙΚΗΣ - ΔΗΜΟΣ ΓΛΥΦΑΔΑΣ - ΠΡΩΗΝ ΔΥΤΙΚΟ ΑΕΡΟΔΡΟΜΙΟ ΕΛΛΗΝΙΚΟΥ', 4),
(943, 'Ν. ΑΤΤΙΚΗΣ - ΔΗΜΟΣ ΔΑΦΝΗΣ - ΑΓΙΑΣ ΒΑΡΒΑΡΑΣ 92, ΔΑΦΝΗ', 4),
(944, 'Ν. ΑΤΤΙΚΗΣ - ΔΗΜΟΣ ΔΙΟΝΥΣΟΥ - ΠΙΝΔΟΥ & ΣΩΚΡΑΤΟΥΣ 1, ΑΓΙΟΣ ΣΤΕΦΑΝΟΣ', 4),
(945, 'Ν. ΑΤΤΙΚΗΣ - ΔΗΜΟΣ ΔΡΟΣΙΑΣ - ΑΘΑΝΑΣΙΟΥ ΔΙΑΚΟΥ 39, ΝΕΑ ΕΡΥΘΡΑΙΑ', 4),
(946, 'Ν. ΑΤΤΙΚΗΣ - ΔΗΜΟΣ ΕΚΑΛΗΣ - ΑΘΑΝΑΣΙΟΥ ΔΙΑΚΟΥ 39, ΝΕΑ ΕΡΥΘΡΑΙΑ', 4),
(947, 'Ν. ΑΤΤΙΚΗΣ - ΔΗΜΟΣ ΕΛΛΗΝΙΚΟΥ - ΠΡΩΗΝ ΔΥΤΙΚΟ ΑΕΡΟΔΡΟΜΙΟ ΕΛΛΗΝΙΚΟΥ', 4),
(949, 'Ν. ΑΤΤΙΚΗΣ - ΔΗΜΟΣ ΗΛΙΟΥΠΟΛΕΩΣ - ΕΛΕΥΘΕΡΙΟΥ ΒΕΝΙΖΕΛΟΥ 119', 4),
(950, 'Ν. ΑΤΤΙΚΗΣ - ΔΗΜΟΣ ΗΡΑΚΛΕΙΟΥ - ΠΑΠΑΙΩΑΝΝΟΥ 15-17 & ΑΡΓΥΡΟΠΟΥΛΟΥ, 1ος όροφος', 4),
(951, 'Ν. ΑΤΤΙΚΗΣ - ΔΗΜΟΣ ΘΡΑΚΟΜΑΚΕΔΟΝΩΝ - ΕΣΠΕΡΙΔΩΝ 18, ΑΧΑΡΝΕΣ', 4),
(952, 'Ν. ΑΤΤΙΚΗΣ - ΔΗΜΟΣ ΙΛΙΟΥ - ΠΥΡΓΟΣ ΒΑΣΙΛΙΣΣΗΣ, ΙΛΙΟΝ', 4),
(953, 'Ν. ΑΤΤΙΚΗΣ - ΔΗΜΟΣ ΚΑΛΥΒΙΩΝ - ΘΟΡΙΚΟΥ Λ.ΣΟΥΝΙΟΥ 4 ΚΑΙ Π.ΓΚΙΝΗ, ΠΝΕΥΜΑΤΙΚΟ ΚΕΝΤΡΟ ΔΗΜΟΥ ΚΑΛΥΒΙΩΝ', 4),
(954, 'Ν. ΑΤΤΙΚΗΣ - ΔΗΜΟΣ ΚΑΜΑΤΕΡΟΥ - ΠΥΡΓΟΣ ΒΑΣΙΛΙΣΣΗΣ, ΙΛΙΟΝ', 4),
(955, 'Ν. ΑΤΤΙΚΗΣ - ΔΗΜΟΣ ΚΕΡΑΤΕΑΣ - ΑΝΘ. ΠΑΝΑΓΙΩΤΑΡΑΚΟΥ 3', 4),
(956, 'Ν. ΑΤΤΙΚΗΣ - ΔΗΜΟΣ ΚΗΦΙΣΙΑΣ - ΕΜΜΑΝΟΥΗΛ ΜΠΕΝΑΚΗ 3', 4),
(957, 'Ν. ΑΤΤΙΚΗΣ - ΔΗΜΟΣ ΚΡΩΠΙΑΣ - ΣΠΥΡΟΥ ΔΑΒΑΡΗ 77', 4),
(959, 'Ν. ΑΤΤΙΚΗΣ - ΔΗΜΟΣ ΛΥΚΟΒΡΥΣΕΩΣ - ΠΙΝΔΟΥ 6, ΜΕΤΑΜΟΡΦΩΣΗ', 4),
(960, 'Ν. ΑΤΤΙΚΗΣ - ΔΗΜΟΣ ΜΑΝΔΡΑΣ - ΑΓΙΑΣ ΑΙΚΑΤΕΡΙΝΗΣ 34', 4),
(961, 'Ν. ΑΤΤΙΚΗΣ - ΔΗΜΟΣ ΜΑΡΑΘΩΝΟΣ - ΕΓΚΑΤΑΣΤΑΣΕΙΣ ΑΦΕΤΗΡΙΑΣ ΜΑΡΑΘΩΝΙΟΥ ΔΡΟΜΟΥ (ΣΤΑΔΙΟ ΜΑΡΑΘΩΝΟΣ)', 4),
(962, 'Ν. ΑΤΤΙΚΗΣ - ΔΗΜΟΣ ΜΑΡΚΟΠΟΥΛΟΥ-ΜΕΣΟΓΑΙΑΣ - ΟΛΥΜΠΙΑΚΟ ΙΠΠΙΚΟ ΚΕΝΤΡΟ ΜΑΡΚΟΠΟΥΛΟΥ, 1ος όροφος', 4),
(963, 'Ν. ΑΤΤΙΚΗΣ - ΔΗΜΟΣ ΜΕΤΑΜΟΡΦΩΣΕΩΣ - ΠΙΝΔΟΥ 6, ΜΕΤΑΜΟΡΦΩΣΗ', 4),
(964, 'Ν. ΑΤΤΙΚΗΣ - ΔΗΜΟΣ ΜΟΣΧΑΤΟΥ - ΟΛΥΜΠΙΑΚΑ ΑΚΙΝΗΤΑ ΠΑΛΑΙΟΥ ΦΑΛΗΡΟΥ (ΓΥΑΛΙΝΟ ΚΤΙΡΙΟ, ΙΣΟΓΕΙΟ)', 4),
(965, 'Ν. ΑΤΤΙΚΗΣ - ΔΗΜΟΣ ΝΕΑΣ ΕΡΥΘΡΑΙΑΣ - ΑΘΑΝΑΣΙΟΥ ΔΙΑΚΟΥ 39, ΝΕΑ ΕΡΥΘΡΑΙΑ', 4),
(966, 'Ν. ΑΤΤΙΚΗΣ - ΔΗΜΟΣ ΝΕΑΣ ΙΩΝΙΑΣ - ΔΙΟΝΥΣΙΟΥ ΣΟΛΩΜΟΥ 52 & ΕΛΛΗΣ, ΝΕΑ ΙΩΝΙΑ', 4),
(969, 'Ν. ΑΤΤΙΚΗΣ - ΔΗΜΟΣ ΝΕΑΣ ΦΙΛΑΔΕΛΦΕΙΑΣ - ΠΙΝΔΟΥ 6, ΜΕΤΑΜΟΡΦΩΣΗ', 4),
(970, 'Ν. ΑΤΤΙΚΗΣ - ΔΗΜΟΣ ΝΕΑΣ ΧΑΛΚΗΔΟΝΟΣ - ΠΙΝΔΟΥ 6, ΜΕΤΑΜΟΡΦΩΣΗ', 4),
(972, 'Ν. ΑΤΤΙΚΗΣ - ΔΗΜΟΣ ΠΑΛΛΗΝΗΣ - ΥΨΗΛΑΝΤΟΥ 10Α, 2ος όροφος, ΠΑΛΛΗΝΗ', 4),
(973, 'Ν. ΑΤΤΙΚΗΣ - ΔΗΜΟΣ ΠΑΠΑΓΟΥ - ΟΛΥΜΠΙΑΚΑ ΑΚΙΝΗΤΑ ΓΟΥΔΗ', 4),
(974, 'Ν. ΑΤΤΙΚΗΣ - ΔΗΜΟΣ ΠΕΙΡΑΙΩΣ - ΑΚΤΗ ΜΙΑΟΥΛΗ 10, ΠΕΙΡΑΙΑΣ, ΣΤΟΝ ΕΚΘΕΣΙΑΚΟ ΧΩΡΟ ΤΟΥ Ο.Λ.Π.', 4),
(975, 'Ν. ΑΤΤΙΚΗΣ - ΔΗΜΟΣ ΠΕΙΡΑΙΩΣ - ΟΛΥΜΠΙΑΚΑ ΑΚΙΝΗΤΑ ΠΑΛΑΙΟΥ ΦΑΛΗΡΟΥ (ΓΥΑΛΙΝΟ ΚΤΙΡΙΟ ,ΙΣΟΓΕΙΟ)', 4),
(977, 'Ν. ΑΤΤΙΚΗΣ - ΔΗΜΟΣ ΠΕΡΙΣΤΕΡΙΟΥ - ΑΘΛΗΤΙΚΗ ΟΛΥΜΠΙΑΚΗ ΕΓΚΑΤΑΣΤΑΣΗ ΠΥΓΜΑΧΙΑΣ ΔΗΜΟΥ ΠΕΡΙΣΤΕΡΙΟΥ', 4),
(978, 'Ν. ΑΤΤΙΚΗΣ - ΔΗΜΟΣ ΠΕΤΡΟΥΠΟΛΕΩΣ - ΠΥΡΓΟΣ ΒΑΣΙΛΙΣΣΗΣ, ΙΛΙΟΝ', 4),
(979, 'Ν. ΑΤΤΙΚΗΣ - ΔΗΜΟΣ ΠΕΥΚΗΣ - ΔΙΟΝΥΣΙΟΥ ΣΟΛΩΜΟΥ 52 & ΕΛΛΗΣ, ΝΕΑ ΙΩΝΙΑ', 4),
(980, 'Ν. ΑΤΤΙΚΗΣ - ΔΗΜΟΣ ΡΑΦΗΝΑΣ - ΜΑΚΑΣΙΝΗ ΤΖΙΒΑΝΗ 1 & ΦΙΛΙΑΣ 5', 4),
(981, 'Ν. ΑΤΤΙΚΗΣ - ΔΗΜΟΣ ΤΑΥΡΟΥ - ΕΠΤΑΛΟΦΟΥ ΚΑΙ ΠΕΙΡΑΙΩΣ, ΑΙΘΟΥΣΑ 5 (ΔΗΜΟΤΙΚΟ ΚΤΙΡΙΟ - ΕΝΑΝΤΙ ΔΗΜΑΡΧΕΙΟΥ)', 4),
(982, 'Ν. ΑΤΤΙΚΗΣ - ΔΗΜΟΣ ΥΜΗΤΤΟΥ - ΑΓΙΑΣ ΒΑΡΒΑΡΑΣ 92, ΔΑΦΝΗ', 4),
(983, 'Ν. ΑΤΤΙΚΗΣ - ΔΗΜΟΣ ΦΥΛΗΣ - ΒΥΖΑΝΤΙΟΥ 1 & ΑΝΔΡΕΑ ΜΙΑΟΥΛΗ (ΠΡΩΗΝ ΣΟΦ.ΒΕΝΙΖΕΛΟΥ 11)', 4),
(984, 'Ν. ΑΤΤΙΚΗΣ - ΔΗΜΟΣ ΧΑΪΔΑΡΙΟΥ - Λ.ΑΘΗΝΩΝ 181-183', 4),
(985, 'Ν. ΑΤΤΙΚΗΣ - ΔΗΜΟΣ ΨΥΧΙΚΟΥ - ΣΤΡ. ΚΑΛΛΑΡΗ 13, ΠΑΛΑΙΟ ΔΗΜΑΡΧΕΙΟ ΨΥΧΙΚΟΥ', 4),
(987, 'Ν. ΑΤΤΙΚΗΣ - ΚΟΙΝΟΤΗΤΑ ΑΝΘΟΥΣΗΣ - ΥΨΗΛΑΝΤΟΥ 10Α, 2ος όροφος, ΠΑΛΛΗΝΗ', 4),
(988, 'Ν. ΑΤΤΙΚΗΣ - ΚΟΙΝΟΤΗΤΑ ΚΟΥΒΑΡΑ - ΑΓ. ΔΗΜΗΤΡΙΟΥ 20, ΚΟΙΝΟΤΙΚΟ ΚΑΤΑΣΤΗΜΑ, ΚΟΥΒΑΡΑΣ', 4),
(989, 'Ν. ΑΤΤΙΚΗΣ - ΚΟΙΝΟΤΗΤΑ ΚΡΥΟΝΕΡΙΟΥ - ΚΟΙΝΟΤΙΚΟ ΚΑΤΑΣΤΗΜΑ ΚΡΥΟΝΕΡΙΟΥ', 4),
(990, 'Ν. ΑΤΤΙΚΗΣ - ΚΟΙΝΟΤΗΤΑ ΠΑΛΑΙΑΣ ΦΩΚΑΙΑΣ - ΑΓ. ΕΙΡΗΝΗΣ 8 ΚΑΙ 28ΗΣ ΟΚΤΩΒΡΙΟΥ 7, ΠΑΛΑΙΑ ΦΩΚΑΙΑ', 4),
(991, 'Ν. ΑΤΤΙΚΗΣ - ΚΟΙΝΟΤΗΤΑ ΠΙΚΕΡΜΙΟΥ - ΥΨΗΛΑΝΤΟΥ 10Α, 2ος όροφος, ΠΑΛΛΗΝΗ', 4),
(992, 'Ν. ΑΤΤΙΚΗΣ - ΚΟΙΝΟΤΗΤΑ ΡΟΔΟΠΟΛΕΩΣ (ΜΠΑΛΑΣ) - ΜΑΡΑΘΩΝΟΣ 10, ΚΟΙΝΟΤΙΚΟ ΚΑΤΑΣΤΗΜΑ ΣΤΑΜΑΤΑΣ', 4),
(993, 'Ν. ΑΤΤΙΚΗΣ - ΚΟΙΝΟΤΗΤΑ ΣΑΡΩΝΙΔΟΣ - ΑΓ. ΕΙΡΗΝΗΣ 8 ΚΑΙ 28ΗΣ ΟΚΤΩΒΡΙΟΥ 7, ΠΑΛΑΙΑ ΦΩΚΑΙΑ', 4),
(994, 'Ν. ΑΤΤΙΚΗΣ - ΚΟΙΝΟΤΗΤΑ ΣΤΑΜΑΤΑΣ - ΜΑΡΑΘΩΝΟΣ 10, ΚΟΙΝΟΤΙΚΟ ΚΑΤΑΣΤΗΜΑ ΣΤΑΜΑΤΑΣ', 4),
(995, 'Ν. ΔΡΑΜΑΣ - ΔΗΜΟΣ ΔΡΑΜΑΣ ΤΟΠΙΚΟ ΔΙΑΜΕΡΙΣΜΑ ΔΡΑΜΑΣ - ΑΓΙΩΝ ΑΝΑΡΓΥΡΩΝ 3 ΚΑΙ ΚΑΣΣΑΝΔΡΟΥ', 4),
(997, 'Ν. ΖΑΚΥΝΘΟΥ - ΔΗΜΟΣ ΖΑΚΥΝΘΙΩΝ ΤΟΠΙΚΟ ΔΙΑΜΕΡΙΣΜΑ ΖΑΚΥΝΘΙΩΝ - ΜΠΟΥΛΑΝΤΖΑ 5 ΚΑΙ ΒΟΥΛΓΑΡΕΩΣ', 4),
(998, 'Ν. ΗΛΕΙΑΣ - ΔΗΜΟΣ ΠΥΡΓΟΥ ΤΟΠΙΚΟ ΔΙΑΜΕΡΙΣΜΑ ΠΥΡΓΟΥ - ΕΡΜΟΥ 56, ΠΥΡΓΟΣ', 4),
(1000, 'Ν. ΘΕΣΣΑΛΟΝΙΚΗΣ - ΔΗΜΟΣ ΑΓΙΟΥ ΠΑΥΛΟΥ - ΔΕΘ ΠΕΡΙΠΤΕΡΟ 2, 1ος όροφος', 4),
(1001, 'Ν. ΘΕΣΣΑΛΟΝΙΚΗΣ - ΔΗΜΟΣ ΑΜΠΕΛΟΚΗΠΩΝ - ΔΕΘ ΠΕΡΙΠΤΕΡΟ 2, 1ος όροφος', 4),
(1003, 'Ν. ΘΕΣΣΑΛΟΝΙΚΗΣ - ΔΗΜΟΣ ΕΥΚΑΡΠΙΑΣ - ΑΛΕΞΑΝΔΡΟΥ ΠΑΠΑΔΙΑΜΑΝΤΗ 61', 4),
(1004, 'Ν. ΘΕΣΣΑΛΟΝΙΚΗΣ - ΔΗΜΟΣ ΕΥΟΣΜΟΥ - ΘΑΛΕΙΑΣ 35 & ΕΡΙΦΥΛΗΣ', 4),
(1006, 'Ν. ΘΕΣΣΑΛΟΝΙΚΗΣ - ΔΗΜΟΣ ΘΕΣΣΑΛΟΝΙΚΗΣ - ΔΕΘ ΠΕΡΙΠΤΕΡΟ 2, 1ος όροφος', 4),
(1007, 'Ν. ΘΕΣΣΑΛΟΝΙΚΗΣ - ΔΗΜΟΣ ΜΕΝΕΜΕΝΗΣ - ΔΕΘ ΠΕΡΙΠΤΕΡΟ 2, 1ος όροφος', 4),
(1008, 'Ν. ΘΕΣΣΑΛΟΝΙΚΗΣ - ΔΗΜΟΣ ΝΕΑΠΟΛΕΩΣ - ΕΛΕΥΘ.ΒΕΝΙΖΕΛΟΥ 125, ΔΗΜΑΡΧΕΙΟ ΝΕΑΠΟΛΗΣ', 4),
(1009, 'Ν. ΘΕΣΣΑΛΟΝΙΚΗΣ - ΔΗΜΟΣ ΠΕΥΚΩΝ - 8Η ΛΕΩΦ.ΕΙΡΗΝΗΣ 19, ΔΗΜΑΡΧΕΙΟ ΠΕΥΚΩΝ', 4),
(1010, 'Ν. ΘΕΣΣΑΛΟΝΙΚΗΣ - ΔΗΜΟΣ ΠΟΛΙΧΝΗΣ - ΕΛΕΥΘ.ΒΕΝΙΖΕΛΟΥ 125, ΔΗΜΑΡΧΕΙΟ ΝΕΑΠΟΛΗΣ', 4),
(1011, 'Ν. ΘΕΣΣΑΛΟΝΙΚΗΣ - ΔΗΜΟΣ ΣΤΑΥΡΟΥΠΟΛΕΩΣ - ΓΕΝΝΑΔΙΟΥ 5 ΚΑΙ ΚΩΛΛΕΤΗ 4, ΝΙΚΟΠΟΛΗ', 4),
(1012, 'Ν. ΘΕΣΣΑΛΟΝΙΚΗΣ - ΔΗΜΟΣ ΣΥΚΕΩΝ - ΛΕΧΟΒΟΥ 4, ΤΕΧΝΙΚΗ ΥΠΗΡΕΣΙΑ ΔΗΜΟΥ ΣΥΚΕΩΝ', 4),
(1013, 'Ν. ΘΕΣΣΑΛΟΝΙΚΗΣ - ΔΗΜΟΣ ΤΡΙΑΝΔΡΙΑΣ - ΣΠ.ΜΟΥΣΤΑΚΛΗ 1, 3ος όροφος, ΚΕΠ ΤΡΙΑΝΔΡΙΑΣ', 4),
(1014, 'Ν. ΘΕΣΣΑΛΟΝΙΚΗΣ - ΔΗΜΟΣ ΩΡΑΙΟΚΑΣΤΡΟΥ - ΥΨΗΛΑΝΤΟΥ 57 ΚΑΙ ΦΙΛΕΛΛΗΝΩΝ, ΠΡΩΗΝ ΚΕΠ ΣΤΗ ΘΕΣΗ ΑΛΩΝΙΑ', 4),
(1015, 'Ν. ΚΑΡΔΙΤΣΗΣ - ΔΗΜΟΣ ΚΑΡΔΙΤΣΑΣ ΤΟΠΙΚΟ ΔΙΑΜΕΡΙΣΜΑ ΚΑΡΔΙΤΣΗΣ - ΚΟΥΜΟΥΝΔΟΥΡΟΥ 125, ΚΑΡΔΙΤΣΑ', 4),
(1017, 'Ν. ΚΟΖΑΝΗΣ - ΔΗΜΟΣ ΚΟΖΑΝΗΣ ΤΟΠΙΚΟ ΔΙΑΜΕΡΙΣΜΑ ΚΟΖΑΝΗΣ - ΦΙΛΙΠΠΟΥ Β 31, ΚΟΖΑΝΗ', 4),
(1018, 'Ν. ΚΟΡΙΝΘΟΥ - ΔΗΜΟΣ ΚΟΡΙΝΘΙΩΝ ΤΟΠΙΚΟ ΔΙΑΜΕΡΙΣΜΑ ΚΟΡΙΝΘΟΥ - ΕΘΝ.ΑΝΕΞΑΡΤΗΣΙΑΣ 59', 4),
(1021, 'Ν. ΛΕΒΑΔΕΩΝ - ΔΗΜΟΣ ΛΕΒΑΔΕΩΝ ΤΟΠΙΚΟ ΔΙΑΜΕΡΙΣΜΑ ΛΕΒΑΔΕΩΝ - ΓΑΛΑΞΕΙΔΙΟΥ ΚΑΙ ΧΑΙΡΩΝΙΑΣ 39, ΛΕΙΒΑΔΙΑ', 4),
(1022, 'Ν. ΜΑΓΝΗΣΙΑΣ - ΔΗΜΟΣ ΒΟΛΟΥ - ΠΑΝΘΕΣΣΑΛΙΚΟ ΟΛΥΜΠΙΑΚΟ ΣΤΑΔΙΟ, ΝΕΑ ΙΩΝΙΑ', 4),
(1023, 'Ν. ΞΑΝΘΗΣ - ΔΗΜΟΣ ΞΑΝΘΗΣ ΤΟΠΙΚΟ ΔΙΑΜΕΡΙΣΜΑ ΞΑΝΘΗΣ - ΣΜΥΡΝΗΣ 11 ΚΑΙ ΜΙΧΑΗΛ ΚΑΡΑΟΛΗ, 1ος όροφος', 4),
(1026, 'Ν. ΠΡΕΒΕΖΗΣ - ΔΗΜΟΣ ΠΡΕΒΕΖΗΣ ΤΟΠΙΚΟ ΔΙΑΜΕΡΙΣΜΑ ΠΡΕΒΕΖΗΣ - ΛΕΩΦΟΡΟΣ ΕΙΡΗΝΗΣ 27', 4),
(1028, 'Ν. ΦΘΙΩΤΙΔΑΣ - ΔΗΜΟΣ ΛΑΜΙΕΩΝ ΤΟΠΙΚΟ ΔΙΑΜΕΡΙΣΜΑ ΛΑΜΙΕΩΝ - ΒΑΣΙΛΙΚΩΝ 12, ΛΑΜΙΑ', 4),
(1030, 'Ν. ΧΑΛΚΙΔΙΚΗΣ - ΔΗΜΟΣ ΠΟΛΥΓΥΡΟΥ ΤΟΠΙΚΟ ΔΙΑΜΕΡΙΣΜΑ ΠΟΛΥΓΥΡΟΥ - ΚΩΝΣΤΑΝΤΙΝΟΥΠΟΛΕΩΣ 18', 4),
(1031, 'ΠΟΛΥΜΕΛΕΣ ΠΡΩΤΟΔΙΚΕΙΟ ΑΘΗΝΩΝ', 1),
(1032, 'ΠΟΛΥΜΕΛΕΣ ΠΡΩΤΟΔΙΚΕΙΟ ΠΕΙΡΑΙΑ', 1),
(1033, 'ΜΟΝΟΜΕΛΕΣ ΠΡΩΤΟΔΙΚΕΙΟ ΑΘΗΝΩΝ', 1),
(1034, 'ΜΟΝΟΜΕΛΕΣ ΠΡΩΤΟΔΙΚΕΙΟ ΠΕΙΡΑΙΑ', 1),
(1035, 'Legal CRM', 6),
(1036, 'Document Manager', 6);

-- --------------------------------------------------------

--
-- Δομή πίνακα για τον πίνακα `doctype`
--

CREATE TABLE IF NOT EXISTS `doctype` (
  `id` int(11) NOT NULL,
  `descr` varchar(255) DEFAULT NULL
) ENGINE=MyISAM AUTO_INCREMENT=45 DEFAULT CHARSET=utf8;

--
-- Άδειασμα δεδομένων του πίνακα `doctype`
--

INSERT INTO `doctype` (`id`, `descr`) VALUES
(1, 'ΑΣΤΙΚΟ - Αγωγή'),
(2, 'ΑΣΤΙΚΟ - Αίτηση αναστολής εκτέλεσης'),
(3, 'ΑΣΤΙΚΟ - Αίτηση Εκουσίας Δικαιοδοσίας'),
(4, 'ΑΣΤΙΚΟ - Αίτηση μεταρρύθμισης Ασφαλιστικών Μέτρων'),
(5, 'ΑΣΤΙΚΟ - Αναίρεση'),
(6, 'ΑΣΤΙΚΟ - Ανακοίνωση Δίκης'),
(7, 'ΑΣΤΙΚΟ - Ανακοπή'),
(8, 'ΑΣΤΙΚΟ - Ανακοπή Ερημοδικίας'),
(9, 'ΑΣΤΙΚΟ - Ανταγωγή'),
(10, 'ΑΣΤΙΚΟ - Αναψηλάφηση'),
(11, 'ΑΣΤΙΚΟ - Ασφαλιστικά Μέτρα'),
(12, 'ΑΣΤΙΚΟ - Εξώδικη δήλωση'),
(13, 'ΑΣΤΙΚΟ - Έφεση'),
(14, 'ΑΣΤΙΚΟ - Κλήση για διεξαγωγή Αποδείξεων'),
(15, 'ΑΣΤΙΚΟ - Παρέμβαση'),
(16, 'ΑΣΤΙΚΟ - Προσεπίκληση'),
(17, 'ΑΣΤΙΚΟ - Πρόσθετοι λόγοι Αναίρεσης'),
(18, 'ΑΣΤΙΚΟ - Πρόσθετοι λόγοι Έφεσης'),
(19, 'ΑΣΤΙΚΟ - Προσθήκη - Αντίκρουση στις Προτάσεις'),
(20, 'ΑΣΤΙΚΟ - Προτάσεις'),
(21, 'ΑΣΤΙΚΟ - Τριτανακοπή'),
(22, 'ΠΟΙΝΙΚΟ - Αιτήσεις'),
(23, 'ΠΟΙΝΙΚΟ - Αναίρεση κατά βουλεύματος'),
(24, 'ΠΟΙΝΙΚΟ - Απολογητικό Υπόμνημα'),
(25, 'ΠΟΙΝΙΚΟ - Έγκληση'),
(26, 'ΠΟΙΝΙΚΟ - Έφεση κατά βουλεύματος'),
(27, 'ΠΟΙΝΙΚΟ - Μήνυση'),
(28, 'ΠΟΙΝΙΚΟ - Προσφυγή κατά κλητηρίου θεσπίσματος'),
(29, 'ΠΟΙΝΙΚΟ - Υπόμνημα Αναίρεσης'),
(30, 'ΠΟΙΝΙΚΟ - Υπόμνημα Έφεσης'),
(31, 'ΔΙΟΙΚΗΤΙΚΟ - Αγωγή'),
(32, 'ΔΙΟΙΚΗΤΙΚΟ - Αίτηση'),
(33, 'ΔΙΟΙΚΗΤΙΚΟ - Αίτηση Θεραπείας'),
(34, 'ΔΙΟΙΚΗΤΙΚΟ - Αίτηση Ακυρώσεως'),
(35, 'ΔΙΟΙΚΗΤΙΚΟ - Αίτηση Αναιρέσεως'),
(36, 'ΔΙΟΙΚΗΤΙΚΟ - Αίτηση Αναστολής Εκτέλεσης'),
(37, 'ΔΙΟΙΚΗΤΙΚΟ - Ανακοπή'),
(38, 'ΔΙΟΙΚΗΤΙΚΟ - Έφεση'),
(39, 'ΔΙΟΙΚΗΤΙΚΟ - Ιεραρχική προσφυγή'),
(40, 'ΔΙΟΙΚΗΤΙΚΟ - Προσφυγή'),
(41, 'ΔΙΟΙΚΗΤΙΚΟ - Ένσταση'),
(42, 'ΔΙΟΙΚΗΤΙΚΟ - Παρέμβαση'),
(43, 'ΔΙΟΙΚΗΤΙΚΟ - Πρόσθετοι λόγοι ακυρώσεως'),
(44, 'ΔΙΟΙΚΗΤΙΚΟ - Πρόσθετοι λόγοι αναιρέσεως');

-- --------------------------------------------------------

--
-- Δομή πίνακα για τον πίνακα `document`
--

CREATE TABLE IF NOT EXISTS `document` (
  `id` int(11) NOT NULL,
  `descr` varchar(50) DEFAULT NULL,
  `path` text,
  `createdate` datetime DEFAULT NULL,
  `modifydate` datetime DEFAULT NULL,
  `userid` int(11) DEFAULT '0',
  `doctypeid` int(11) DEFAULT '0',
  `documentstatusid` int(11) DEFAULT '0',
  `isfavorite` smallint(6) DEFAULT '0',
  `filesize` int(50) DEFAULT '0',
  `content` mediumblob,
  `filename` text,
  `filetype` varchar(150) DEFAULT NULL,
  `icon` longblob,
  `personid` int(11) DEFAULT NULL,
  `caseid` int(11) DEFAULT NULL,
  `istemplate` int(11) DEFAULT '0',
  `isdeleted` smallint(6) DEFAULT '0',
  `userdel` int(11) DEFAULT '0',
  `datedel` datetime DEFAULT NULL,
  `keywords` longtext,
  `notes` longtext,
  `entryid` varchar(255) DEFAULT NULL
) ENGINE=MyISAM DEFAULT CHARSET=utf8;

-- --------------------------------------------------------

--
-- Δομή πίνακα για τον πίνακα `doy`
--

CREATE TABLE IF NOT EXISTS `doy` (
  `id` int(11) NOT NULL,
  `descr` varchar(50) DEFAULT NULL
) ENGINE=MyISAM AUTO_INCREMENT=285 DEFAULT CHARSET=utf8;

--
-- Άδειασμα δεδομένων του πίνακα `doy`
--

INSERT INTO `doy` (`id`, `descr`) VALUES
(1, 'ΔΕΡΒΕΝΙΟΥ'),
(2, 'ΚΙΑΤΟΥ'),
(3, 'ΚΟΡΙΝΘΟΥ'),
(4, 'ΞΥΛΟΚΑΣΤΡΟΥ'),
(5, 'ΓΥΘΕΙΟΥ'),
(6, 'ΜΟΛΑΩΝ'),
(7, 'ΝΕΑΠΟΛΗΣ ΒΟΙΩΝ ΛΑΚΩΝΙΑΣ'),
(8, 'ΚΡΟΚΕΩΝ'),
(9, 'ΣΠΑΡΤΗΣ'),
(10, 'ΑΡΕΟΠΟΛΗΣ'),
(11, 'ΚΑΛΑΜΑΤΑΣ'),
(12, 'ΜΕΛΙΓΑΛΑ'),
(13, 'ΜΕΣΣΗΝΗΣ'),
(14, 'ΠΥΛΟΥ'),
(15, 'ΓΑΡΓΑΛΙΑΝΩΝ'),
(16, 'ΚΥΠΑΡΙΣΣΙΑΣ'),
(17, 'ΦΙΛΙΑΤΡΩΝ'),
(18, 'ΚΑΡΔΙΤΣΑΣ'),
(19, 'ΜΟΥΖΑΚΙΟΥ'),
(20, 'ΣΟΦΑΔΩΝ'),
(21, 'ΑΓΙΑΣ'),
(22, 'ΕΛΑΣΣΟΝΑΣ'),
(23, 'ΔΕΣΚΑΤΗΣ'),
(24, 'ΛΑΡΙΣΑΣ Α'''),
(25, 'ΛΑΡΙΣΑΣ Β'''),
(26, 'ΛΑΡΙΣΑΣ Γ'''),
(27, 'ΤΥΡΝΑΒΟΥ'),
(28, 'ΦΑΡΣΑΛΩΝ'),
(29, 'ΑΛΜΥΡΟΥ'),
(30, 'ΒΟΛΟΥ Α'''),
(31, 'ΒΟΛΟΥ Β'''),
(32, 'ΣΚΙΑΘΟΥ'),
(33, 'ΚΑΛΑΜΠΑΚΑΣ'),
(34, 'ΤΡΙΚΑΛΩΝ'),
(35, 'ΑΛΕΞΑΝΔΡΕΙΑΣ'),
(36, 'ΒΕΡΟΙΑΣ'),
(37, 'ΝΑΟΥΣΑΣ'),
(38, 'ΘΕΣΣΑΛΟΝΙΚΗΣ Α'''),
(39, 'ΘΕΣΣΑΛΟΝΙΚΗΣ Β''  (Β'', Γ'')'),
(40, 'ΘΕΣΣΑΛΟΝΙΚΗΣ Δ'''),
(41, 'ΘΕΣΣΑΛΟΝΙΚΗΣ Ε'''),
(42, 'ΘΕΣΣΑΛΟΝΙΚΗΣ ΣΤ'''),
(43, 'ΑΘΗΝΩΝ Α''  (Α'', Β'', Γ'')'),
(44, 'ΑΘΗΝΩΝ Δ''  (Δ'', Η'')'),
(45, 'ΑΘΗΝΩΝ Ε''  (Ε'', Θ'')'),
(46, 'ΑΘΗΝΩΝ ΣΤ''  (ΣΤ'', Ζ'')'),
(47, 'ΑΘΗΝΩΝ Ι'''),
(48, 'ΑΘΗΝΩΝ ΙΑ'''),
(49, 'ΑΘΗΝΩΝ ΙΒ'''),
(50, 'ΑΘΗΝΩΝ ΙΓ'''),
(51, 'ΑΘΗΝΩΝ ΙΔ'''),
(52, 'ΑΘΗΝΩΝ ΙΕ'''),
(53, 'ΑΘΗΝΩΝ ΙΣΤ'''),
(54, 'ΑΘΗΝΩΝ ΙΖ'''),
(55, 'ΑΘΗΝΩΝ ΦΑΕΕ'),
(56, 'ΑΘΗΝΩΝ ΙΗ'''),
(57, 'ΑΘΗΝΩΝ ΙΘ'''),
(58, 'ΑΓΙΟΥ ΔΗΜΗΤΡΙΟΥ'),
(59, 'ΚΑΛΛΙΘΕΑΣ Α'''),
(60, 'ΝΕΑΣ ΙΩΝΙΑΣ'),
(61, 'ΝΕΑΣ ΣΜΥΡΝΗΣ'),
(62, 'ΠΑΛΑΙΟΥ ΦΑΛΗΡΟΥ'),
(63, 'ΧΑΛΑΝΔΡΙΟΥ'),
(64, 'ΑΜΑΡΟΥΣΙΟΥ'),
(65, 'ΑΓΙΩΝ ΑΝΑΡΓΥΡΩΝ'),
(66, 'ΑΙΓΑΛΕΩ'),
(67, 'ΠΕΡΙΣΤΕΡΙΟΥ Α'''),
(68, 'ΓΛΥΦΑΔΑΣ'),
(69, 'ΑΘΗΝΩΝ Κ'''),
(70, 'ΑΘΗΝΩΝ ΚΑ'''),
(71, 'ΑΘΗΝΩΝ ΚΒ'''),
(72, 'ΑΘΗΝΩΝ ΚΓ'''),
(73, 'ΔΑΦΝΗΣ'),
(74, 'ΝΕΟΥ ΗΡΑΚΛΕΙΟΥ'),
(75, 'ΑΓΙΑΣ ΠΑΡΑΣΚΕΥΗΣ'),
(76, 'ΒΥΡΩΝΑ'),
(77, 'ΚΗΦΙΣΙΑΣ'),
(78, 'ΑΝΩ ΛΙΟΣΙΩΝ'),
(79, 'ΝΕΑΣ ΦΙΛΑΔΕΛΦΕΙΑΣ'),
(80, 'ΧΑΙΔΑΡΙΟΥ'),
(81, 'ΠΕΡΙΣΤΕΡΙΟΥ Β'''),
(82, 'ΦΑΒΕ ΑΘΗΝΩΝ'),
(83, 'ΑΡΓΥΡΟΥΠΟΛΗΣ'),
(84, 'ΖΩΓΡΑΦΟΥ'),
(85, 'ΗΛΙΟΥΠΟΛΗΣ'),
(86, 'ΚΑΛΛΙΘΕΑΣ Β'''),
(87, 'ΨΥΧΙΚΟΥ'),
(88, 'ΧΟΛΑΡΓΟΥ'),
(89, 'ΠΕΤΡΟΥΠΟΛΗΣ'),
(90, 'ΠΕΙΡΑΙΑ Α''  (Α'', Β'')'),
(91, 'ΠΕΙΡΑΙΑ Γ'''),
(92, 'ΠΕΙΡΑΙΑ Ε'''),
(93, 'ΠΕΙΡΑΙΑ ΦΑΕ'),
(94, 'ΠΕΙΡΑΙΑ ΠΛΟΙΩΝ'),
(95, 'ΠΕΙΡΑΙΑ ΣΤ'''),
(96, 'ΚΟΡΥΔΑΛΛΟΥ'),
(97, 'ΜΟΣΧΑΤΟΥ'),
(98, 'ΝΙΚΑΙΑΣ'),
(99, 'ΑΙΓΙΝΑΣ'),
(100, 'ΑΧΑΡΝΩΝ'),
(101, 'ΕΛΕΥΣΙΝΑΣ'),
(102, 'ΚΟΡΩΠΙΟΥ'),
(103, 'ΚΥΘΗΡΩΝ'),
(104, 'ΛΑΥΡΙΟΥ'),
(105, 'ΑΓΙΟΥ ΣΤΕΦΑΝΟΥ'),
(106, 'ΜΕΓΑΡΩΝ'),
(107, 'ΣΑΛΑΜΙΝΑΣ'),
(108, 'ΠΟΡΟΥ'),
(109, 'ΥΔΡΑΣ'),
(110, 'ΠΑΛΛΗΝΗΣ'),
(111, 'ΘΗΒΑΣ'),
(112, 'ΛΙΒΑΔΕΙΑΣ'),
(113, 'ΑΜΦΙΛΟΧΙΑΣ'),
(114, 'ΑΣΤΑΚΟΥ'),
(115, 'ΒΟΝΙΤΣΑΣ'),
(116, 'ΜΕΣΟΛΟΓΓΙΟΥ'),
(117, 'ΝΑΥΠΑΚΤΟΥ'),
(118, 'ΘΕΡΜΟΥ'),
(119, 'ΑΓΡΙΝΙΟΥ'),
(120, 'ΚΑΡΠΕΝΗΣΙΟΥ'),
(121, 'ΙΣΤΙΑΙΑΣ'),
(122, 'ΚΑΡΥΣΤΟΥ'),
(123, 'ΚΥΜΗΣ'),
(124, 'ΛΙΜΝΗΣ'),
(125, 'ΧΑΛΚΙΔΑΣ'),
(126, 'ΔΟΜΟΚΟΥ'),
(127, 'ΑΜΦΙΚΛΕΙΑΣ'),
(128, 'ΑΤΑΛΑΝΤΗΣ'),
(129, 'ΜΑΚΡΑΚΩΜΗΣ'),
(130, 'ΛΑΜΙΑΣ'),
(131, 'ΣΤΥΛΙΔΑΣ'),
(132, 'ΛΙΔΟΡΙΚΙΟΥ'),
(133, 'ΑΜΦΙΣΣΑΣ'),
(134, 'ΑΡΓΟΥΣ'),
(135, 'ΣΠΕΤΣΩΝ'),
(136, 'ΚΡΑΝΙΔΙΟΥ'),
(137, 'ΝΑΥΠΛΙΟΥ'),
(138, 'ΔΗΜΗΤΣΑΝΑΣ'),
(139, 'ΛΕΩΝΙΔΙΟΥ'),
(140, 'ΤΡΟΠΑΙΩΝ'),
(141, 'ΠΑΡΑΛΙΟΥ ΑΣΤΡΟΥΣ'),
(142, 'ΤΡΙΠΟΛΗΣ'),
(143, 'ΜΕΓΑΛΟΠΟΛΗΣ'),
(144, 'ΑΙΓΙΟΥ'),
(145, 'ΑΚΡΑΤΑΣ'),
(146, 'ΚΑΛΑΒΡΥΤΩΝ'),
(147, 'ΚΛΕΙΤΟΡΙΑΣ'),
(148, 'ΠΑΤΡΩΝ Α'''),
(149, 'ΠΑΤΡΩΝ Β'''),
(150, 'ΚΑΤΩ ΑΧΑΙΑΣ'),
(151, 'ΠΑΤΡΩΝ Γ'''),
(152, 'ΑΜΑΛΙΑΔΑΣ'),
(153, 'ΠΥΡΓΟΥ'),
(154, 'ΓΑΣΤΟΥΝΗΣ'),
(155, 'ΚΡΕΣΤΕΝΩΝ'),
(156, 'ΛΕΧΑΙΝΩΝ'),
(157, 'ΑΝΔΡΙΤΣΑΙΝΑΣ'),
(158, 'ΖΑΧΑΡΩΣ'),
(159, 'ΘΕΣΣΑΛΟΝΙΚΗΣ Ζ'''),
(160, 'ΖΑΓΚΛΙΒΕΡΙΟΥ'),
(161, 'ΛΑΓΚΑΔΑ'),
(162, 'ΣΟΧΟΥ'),
(163, 'ΘΕΣΣΑΛΟΝΙΚΗΣ ΦΑΕ'),
(164, 'ΝΕΑΠΟΛΗΣ ΘΕΣΣΑΛΟΝΙΚΗΣ'),
(165, 'ΤΟΥΜΠΑΣ ΘΕΣΣΑΛΟΝΙΚΗΣ'),
(166, 'ΘΕΣΣΑΛΟΝΙΚΗΣ Ι'''),
(167, 'ΘΕΣΣΑΛΟΝΙΚΗΣ Θ'''),
(168, 'ΑΓΙΟΥ ΑΘΑΝΑΣΙΟΥ'),
(169, 'ΚΑΛΑΜΑΡΙΑΣ'),
(170, 'ΑΜΠΕΛΟΚΗΠΩΝ ΘΕΣΣΑΛΟΝΙΚΗΣ'),
(171, 'ΙΩΝΙΑΣ ΘΕΣΣΑΛΟΝΙΚΗΣ'),
(172, 'ΚΑΣΤΟΡΙΑΣ'),
(173, 'ΝΕΣΤΟΡΙΟΥ'),
(174, 'ΑΡΓΟΥΣ ΟΡΕΣΤΙΚΟ'),
(175, 'ΚΙΛΚΙΣ'),
(176, 'ΓΟΥΜΕΝΙΣΣΑΣ'),
(177, 'ΝΕΑΠΟΛΗΣ ΒΟΙΟΥ ΚΟΖΑΝΗΣ'),
(178, 'ΓΡΕΒΕΝΩΝ'),
(179, 'ΠΤΟΛΕΜΑΙΔΑΣ'),
(180, 'ΚΟΖΑΝΗΣ'),
(181, 'ΣΕΡΒΙΩΝ'),
(182, 'ΣΙΑΤΙΣΤΑΣ'),
(183, 'ΑΡΙΔΑΙΑΣ'),
(184, 'ΓΙΑΝΝΙΤΣΩΝ'),
(185, 'ΕΔΕΣΣΑΣ'),
(186, 'ΣΚΥΔΡΑΣ'),
(187, 'ΚΑΤΕΡΙΝΗΣ Α'''),
(188, 'ΚΑΤΕΡΙΝΗΣ Β'''),
(189, 'ΑΙΓΙΝΙΟΥ'),
(190, 'ΑΜΥΝΤΑΙΟΥ'),
(191, 'ΦΛΩΡΙΝΑΣ'),
(192, 'ΑΡΝΑΙΑΣ'),
(193, 'ΚΑΣΣΑΝΔΡΑΣ'),
(194, 'ΠΟΛΥΓΥΡΟΥ'),
(195, 'ΝΕΩΝ ΜΟΥΔΑΝΙΩΝ'),
(196, 'ΔΡΑΜΑΣ'),
(197, 'ΝΕΥΡΟΚΟΠΙΟΥ'),
(198, 'ΑΛΕΞΑΝΔΡΟΥΠΟΛΗΣ'),
(199, 'ΔΙΔΥΜΟΤΕΙΧΟΥ'),
(200, 'ΟΡΕΣΤΙΑΔΑΣ'),
(201, 'ΣΟΥΦΛΙΟΥ'),
(202, 'ΘΑΣΟΥ'),
(203, 'ΚΑΒΑΛΑΣ Α'''),
(204, 'ΚΑΒΑΛΑΣ Β'''),
(205, 'ΧΡΥΣΟΥΠΟΛΗΣ'),
(206, 'ΕΛΕΥΘΕΡΟΥΠΟΛΗΣ'),
(207, 'ΞΑΝΘΗΣ Α'''),
(208, 'ΚΟΜΟΤΗΝΗΣ'),
(209, 'ΣΑΠΠΩΝ'),
(210, 'ΝΙΓΡΙΤΑΣ'),
(211, 'ΣΙΔΗΡΟΚΑΣΤΡΟΥ'),
(212, 'ΗΡΑΚΛΕΙΑΣ'),
(213, 'ΝΕΑΣ ΖΙΧΝΗΣ'),
(214, 'ΑΡΤΑΣ'),
(215, 'ΦΙΛΙΠΠΙΑΔΑΣ'),
(216, 'ΗΓΟΥΜΕΝΙΤΣΑΣ'),
(217, 'ΠΑΡΓΑΣ'),
(218, 'ΠΑΡΑΜΥΘΙΑΣ'),
(219, 'ΙΩΑΝΝΙΝΩΝ Α'''),
(220, 'ΙΩΑΝΝΙΝΩΝ Β'''),
(221, 'ΜΕΤΣΟΒΟΥ'),
(222, 'ΚΟΝΙΤΣΑΣ'),
(223, 'ΠΡΕΒΕΖΑΣ'),
(224, 'ΑΝΔΡΟΥ'),
(225, 'ΘΗΡΑΣ'),
(226, 'ΚΕΑΣ'),
(227, 'ΜΗΛΟΥ'),
(228, 'ΜΥΚΟΝΟΥ'),
(229, 'ΝΑΞΟΥ'),
(230, 'ΠΑΡΟΥ'),
(231, 'ΣΥΡΟΥ'),
(232, 'ΤΗΝΟΥ'),
(233, 'ΛΗΜΝΟΥ'),
(234, 'ΚΑΛΛΟΝΗΣ'),
(235, 'ΜΗΘΥΜΝΑΣ'),
(236, 'ΜΥΤΙΛΗΝΗΣ'),
(237, 'ΠΛΩΜΑΡΙΟΥ'),
(238, 'ΑΓΙΟΥ ΚΗΡΥΚΟΥ ΙΚΑΡΙΑΣ'),
(239, 'ΚΑΡΛΟΒΑΣΙΟΥ'),
(240, 'ΣΑΜΟΥ'),
(241, 'ΧΙΟΥ'),
(242, 'ΚΑΛΥΜΝΟΥ'),
(243, 'ΚΑΡΠΑΘΟΥ'),
(244, 'ΚΩ'),
(245, 'ΛΕΡΟΥ'),
(246, 'ΡΟΔΟΥ'),
(247, 'ΗΡΑΚΛΕΙΟΥ Α'''),
(248, 'ΜΟΙΡΩΝ'),
(249, 'ΤΥΜΠΑΚΙΟΥ'),
(250, 'ΚΑΣΤΕΛΙΟΥ ΠΕΔΙΑΔΟΣ'),
(251, 'ΑΡΚΑΛΟΧΩΡΙΟΥ'),
(252, 'ΙΕΡΑΠΕΤΡΑΣ'),
(253, 'ΑΓΙΟΥ ΝΙΚΟΛΑΟΥ'),
(254, 'ΝΕΑΠΟΛΗΣ ΚΡΗΤΗΣ'),
(255, 'ΣΗΤΕΙΑΣ'),
(256, 'ΡΕΘΥΜΝΟΥ'),
(257, 'ΚΑΣΤΕΛΙΟΥ ΚΙΣΣΑΜΟΥ'),
(258, 'ΧΑΝΙΩΝ Α'''),
(259, 'ΧΑΝΙΩΝ Β'''),
(260, 'ΖΑΚΥΝΘΟΥ'),
(261, 'ΚΕΡΚΥΡΑΣ Α'''),
(262, 'ΚΕΡΚΥΡΑΣ Β'''),
(263, 'ΠΑΞΩΝ'),
(264, 'ΛΕΥΚΑΔΑΣ'),
(265, 'ΑΡΓΟΣΤΟΛΙΟΥ'),
(266, 'ΛΗΞΟΥΡΙΟΥ'),
(267, 'ΙΘΑΚΗΣ'),
(268, 'ΒΑΡΔΑΣ'),
(269, 'ΗΡΑΚΛΕΙΟΥ Β'''),
(270, 'ΘΕΣΣΑΛΟΝΙΚΗΣ Η'''),
(271, 'ΛΙΜΕΝΟΣ ΧΕΡΣΟΝΗΣΟΥ'),
(272, 'ΣΚΟΠΕΛΟΥ'),
(273, 'ΦΙΛΙΑΤΩΝ'),
(274, 'ΝΕΑΣ ΙΩΝΙΑΣ ΜΑΓΝΗΣΙΑΣ'),
(275, 'ΝΕΜΕΑΣ'),
(276, 'ΣΚΑΛΑΣ ΛΑΚΩΝΙΑΣ'),
(277, 'ΣΕΡΡΩΝ Α'''),
(278, 'ΣΕΡΡΩΝ Β'''),
(279, 'ΚΑΤΟΙΚΩΝ ΕΞΩΤΕΡΙΚΟΥ'),
(280, 'ΓΑΛΑΤΣΙΟΥ'),
(281, 'ΙΛΙΟΥ'),
(282, 'ΠΕΙΡΑΙΑ Δ'''),
(283, 'ΞΑΝΘΗΣ Β'''),
(284, 'ΑΡΑΞΟΥ');

-- --------------------------------------------------------

--
-- Δομή πίνακα για τον πίνακα `modules`
--

CREATE TABLE IF NOT EXISTS `modules` (
  `id` int(11) NOT NULL,
  `descr` varchar(50) DEFAULT NULL
) ENGINE=MyISAM AUTO_INCREMENT=10 DEFAULT CHARSET=utf8;

--
-- Άδειασμα δεδομένων του πίνακα `modules`
--

INSERT INTO `modules` (`id`, `descr`) VALUES
(1, 'Persons'),
(2, 'Matters'),
(3, 'Tasks'),
(4, 'Billing'),
(5, ' Files'),
(6, 'Protocol'),
(7, 'Administrate'),
(8, 'Calendar');

-- --------------------------------------------------------

--
-- Δομή πίνακα για τον πίνακα `officeexptype`
--

CREATE TABLE IF NOT EXISTS `officeexptype` (
  `id` int(11) NOT NULL,
  `descr` varchar(150) DEFAULT NULL
) ENGINE=MyISAM AUTO_INCREMENT=8 DEFAULT CHARSET=utf8;

--
-- Άδειασμα δεδομένων του πίνακα `officeexptype`
--

INSERT INTO `officeexptype` (`id`, `descr`) VALUES
(1, 'ΕΝΟΙΚΙΟ'),
(2, 'ΤΗΛΕΠΙΚΟΙΝΩΝΙΑΚΑ ΕΞΟΔΑ'),
(3, 'ΣΥΝΤΗΡΗΣΗ'),
(4, 'ΧΑΡΤΙΚΑ'),
(5, 'ΑΓΟΡΑ ΒΙΒΛΙΩΝ'),
(6, 'ΣΥΝΔΡΟΜΕΣ'),
(7, 'ΕΞΟΔΑ ΣΥΝΤΗΡΗΣΗΣ');

-- --------------------------------------------------------

--
-- Δομή πίνακα για τον πίνακα `person`
--

CREATE TABLE IF NOT EXISTS `person` (
  `id` int(11) NOT NULL,
  `descr` varchar(250) DEFAULT NULL,
  `greekdescr` varchar(250) DEFAULT NULL,
  `attributeid` int(11) DEFAULT '0',
  `occupation` varchar(50) DEFAULT NULL,
  `phone1` varchar(50) DEFAULT NULL,
  `phone2` varchar(50) DEFAULT NULL,
  `phone3` varchar(50) DEFAULT NULL,
  `mobile` varchar(50) DEFAULT NULL,
  `fax` varchar(50) DEFAULT NULL,
  `street1` varchar(50) DEFAULT NULL,
  `street2` varchar(50) DEFAULT NULL,
  `email` varchar(50) DEFAULT NULL,
  `website` varchar(50) DEFAULT NULL,
  `code` varchar(50) DEFAULT NULL,
  `persontypeid` int(11) DEFAULT '0',
  `festid` int(11) DEFAULT '0',
  `personal` tinyint(1) DEFAULT '0',
  `isactive` smallint(6) DEFAULT '0',
  `isdeleted` smallint(6) DEFAULT '0',
  `userdel` int(11) DEFAULT '0',
  `datedel` datetime DEFAULT NULL,
  `associatedpersons` longtext,
  `keywords` longtext,
  `zipcode1` varchar(6) DEFAULT NULL,
  `city1` varchar(100) DEFAULT NULL,
  `afm` varchar(50) DEFAULT NULL,
  `doyid` int(11) DEFAULT '0',
  `checkcall` int(11) DEFAULT '0',
  `personextra1` varchar(255) DEFAULT NULL,
  `personextra2` varchar(255) DEFAULT NULL,
  `personextra3` varchar(255) DEFAULT NULL,
  `personextra4` varchar(255) DEFAULT NULL,
  `personextra5` varchar(255) DEFAULT NULL,
  `personextra6` varchar(255) DEFAULT NULL,
  `personextra7` varchar(255) DEFAULT NULL,
  `personextra8` varchar(255) DEFAULT NULL,
  `personextra9` varchar(255) DEFAULT NULL,
  `personextra10` varchar(255) DEFAULT NULL,
  `isalmauser` smallint(6) DEFAULT '0',
  `login` varchar(50) DEFAULT NULL,
  `passwd` varchar(50) DEFAULT NULL,
  `latindescr` varchar(150) DEFAULT NULL,
  `usershort` varchar(5) DEFAULT NULL,
  `path` longtext,
  `startmodule` smallint(6) DEFAULT '0',
  `company` varchar(150) DEFAULT NULL,
  `entryid` varchar(255) DEFAULT NULL,
  `lastupdate` datetime NOT NULL
) ENGINE=MyISAM DEFAULT CHARSET=utf8;

-- --------------------------------------------------------

--
-- Δομή πίνακα για τον πίνακα `personnotes`
--

CREATE TABLE IF NOT EXISTS `personnotes` (
  `id` int(11) NOT NULL,
  `personid` int(11) NOT NULL DEFAULT '0',
  `userid` int(11) DEFAULT '0',
  `insertdate` datetime DEFAULT NULL,
  `descr` longtext,
  `entryid` varchar(255) DEFAULT NULL,
  `lastupdate` datetime NOT NULL
) ENGINE=MyISAM DEFAULT CHARSET=utf8;

-- --------------------------------------------------------

--
-- Δομή πίνακα για τον πίνακα `proceduretypes`
--

CREATE TABLE IF NOT EXISTS `proceduretypes` (
  `id` int(11) NOT NULL,
  `descr` varchar(100) DEFAULT NULL,
  `en_descr` varchar(100) DEFAULT NULL,
  `fr_descr` varchar(100) DEFAULT NULL,
  `ge_descr` varchar(100) DEFAULT NULL,
  `labelcolor` int(11) DEFAULT '0',
  `lbl_ef1` varchar(150) DEFAULT NULL,
  `lbl_ef2` varchar(150) DEFAULT NULL,
  `lbl_ef3` varchar(150) DEFAULT NULL,
  `lbl_ef4` varchar(150) DEFAULT NULL,
  `lbl_ef5` varchar(150) DEFAULT NULL,
  `lbl_ef6` varchar(150) DEFAULT NULL,
  `lbl_ef7` varchar(150) DEFAULT NULL,
  `lbl_ef8` varchar(150) DEFAULT NULL,
  `lbl_ef9` varchar(150) DEFAULT NULL,
  `lbl_ef10` varchar(150) DEFAULT NULL,
  `txt_ef1_sql` longtext,
  `txt_ef2_sql` longtext,
  `txt_ef3_sql` longtext,
  `txt_ef4_sql` longtext,
  `txt_ef5_sql` longtext,
  `txt_ef6_sql` longtext,
  `txt_ef7_sql` longtext,
  `txt_ef8_sql` longtext,
  `txt_ef9_sql` longtext,
  `txt_ef10_sql` longtext,
  `pcode` varchar(20) DEFAULT NULL
) ENGINE=MyISAM AUTO_INCREMENT=27 DEFAULT CHARSET=utf8;

--
-- Άδειασμα δεδομένων του πίνακα `proceduretypes`
--

INSERT INTO `proceduretypes` (`id`, `descr`, `en_descr`, `fr_descr`, `ge_descr`, `labelcolor`, `lbl_ef1`, `lbl_ef2`, `lbl_ef3`, `lbl_ef4`, `lbl_ef5`, `lbl_ef6`, `lbl_ef7`, `lbl_ef8`, `lbl_ef9`, `lbl_ef10`, `txt_ef1_sql`, `txt_ef2_sql`, `txt_ef3_sql`, `txt_ef4_sql`, `txt_ef5_sql`, `txt_ef6_sql`, `txt_ef7_sql`, `txt_ef8_sql`, `txt_ef9_sql`, `txt_ef10_sql`, `pcode`) VALUES
(1, 'ΣΥΝΤΑΞΗ ΕΓΓΡΑΦΟΥ', 'DRAFTING LEGAL DOCUMENTS', NULL, NULL, 16777215, NULL, NULL, NULL, NULL, NULL, NULL, NULL, NULL, NULL, NULL, NULL, NULL, NULL, NULL, NULL, NULL, NULL, NULL, NULL, NULL, NULL),
(2, 'ΕΠΙΔΟΣΗ ΕΓΓΡΑΦΟΥ', 'FORWARDING DOCUMENT', NULL, NULL, 16777215, 'δικαστικός επιμελητής', 'αντίδικος', 'έκθεση δικαστικού επιμελητή', 'αριθμός σχετικού εγγράφου', NULL, NULL, NULL, NULL, NULL, NULL, 'select descr from person where attributeid = 6', 'select descr from person where attributeid = 2', NULL, NULL, NULL, NULL, NULL, NULL, NULL, NULL, NULL),
(3, 'ΠΑΡΑΛΑΒΗ ΕΓΓΡΑΦΟΥ', 'RECEIVING LEGAL DOCUMENT', NULL, NULL, 16777215, 'δικαστικός επιμελητής', 'αντίδικος', NULL, NULL, NULL, NULL, NULL, NULL, NULL, NULL, 'select descr from person where attributeid = 6', 'select descr from person where attributeid = 2', NULL, NULL, NULL, NULL, NULL, NULL, NULL, NULL, NULL),
(4, 'ΚΑΤΑΘΕΣΗ ΕΓΓΡΑΦΟΥ', 'SUBMISSION TO COURT', NULL, NULL, 14599344, 'δικαστήριο', NULL, NULL, NULL, NULL, NULL, NULL, NULL, NULL, NULL, 'select descr from courts where type = 1', NULL, NULL, NULL, NULL, NULL, NULL, NULL, NULL, NULL, NULL),
(5, 'ΔΙΚΑΣΙΜΟΣ', 'COURT ATTENDANCE', NULL, NULL, 11823615, 'δικαστήριο', 'τμήμα', 'υπηρεσία', 'πινάκιο', NULL, NULL, NULL, NULL, NULL, NULL, 'select descr from courts where type = 1', NULL, NULL, NULL, NULL, NULL, NULL, NULL, NULL, NULL, NULL),
(6, 'ΑΠΟΦΑΣΗ', 'COURT DECISION', NULL, NULL, 16777215, 'δικαστήριο', 'αριθμός απόφασης', 'σύνθεση δικαστηρίου', 'διατακτικό', NULL, NULL, NULL, NULL, NULL, NULL, 'select descr from courts where type = 1', NULL, NULL, NULL, NULL, NULL, NULL, NULL, NULL, NULL, NULL),
(8, 'ΠΑΡΑΣΤΑΣΗ ΣΕ ΣΥΜΒΟΛΑΙΟΓΡΑΦΟ', 'NOTARY ATTENDANCE', NULL, NULL, 16777215, 'συμβολαιογράφος', NULL, NULL, NULL, NULL, NULL, NULL, NULL, NULL, NULL, 'select descr from person where attributeid = 12', NULL, NULL, NULL, NULL, NULL, NULL, NULL, NULL, NULL, NULL),
(9, 'ΠΑΡΑΛΑΒΗ ΕΚΘΕΣΗΣ ΕΠΙΔΟΣΗΣ', 'RECEIVING LEGAL DOCUMENT', NULL, NULL, 16777215, 'δικαστικός επιμελητής', 'αριθμός εγγράφου', NULL, NULL, NULL, NULL, NULL, NULL, NULL, NULL, 'select descr from person where attributeid = 6', NULL, NULL, NULL, NULL, NULL, NULL, NULL, NULL, NULL, NULL),
(10, 'ΕΡΕΥΝΑ ΣΕ ΥΠΟΘΗΚΟΦΥΛΑΚΕΙΟ', 'RESEARCH', NULL, NULL, 16777215, 'υποθηκοφυλακείο', NULL, NULL, NULL, NULL, NULL, NULL, NULL, NULL, NULL, 'select descr from courts where type = 2', NULL, NULL, NULL, NULL, NULL, NULL, NULL, NULL, NULL, NULL),
(11, 'ΠΑΡΑΣΤΑΣΗ ΣΤΟ ΔΙΚΑΣΤΗΡΙΟ', 'COURT ATTENDANCE', NULL, NULL, 13353215, 'δικαστήριο', 'τμήμα', 'υπηρεσία', 'πινάκιο', NULL, NULL, NULL, NULL, NULL, NULL, 'select descr from courts where type = 1', NULL, NULL, NULL, NULL, NULL, NULL, NULL, NULL, NULL, NULL),
(12, 'ΣΥΝΑΝΤΗΣΗ', 'MEETING', NULL, NULL, 11200750, 'παρόντες', NULL, NULL, NULL, NULL, NULL, NULL, NULL, NULL, NULL, NULL, NULL, NULL, NULL, NULL, NULL, NULL, NULL, NULL, NULL, NULL),
(13, 'ΤΗΛΕΦΩΝΙΚΗ ΕΠΙΚΟΙΝΩΝΙΑ', 'TELEPHONE / CONFERENCE CALL', NULL, NULL, 14474460, 'συνομιλητής', NULL, NULL, NULL, NULL, NULL, NULL, NULL, NULL, NULL, NULL, NULL, NULL, NULL, NULL, NULL, NULL, NULL, NULL, NULL, NULL),
(14, 'ΚΑΘΑΡΟΓΡΑΦΗ ΑΠΟΦΑΣΗΣ', NULL, NULL, NULL, 16119285, 'δικαστήριο', 'αριθμός απόφασης', 'σύνθεση δικαστηρίου', 'διατακτικό', NULL, NULL, NULL, NULL, NULL, NULL, 'select descr from courts where type = 1', NULL, NULL, NULL, NULL, NULL, NULL, NULL, NULL, NULL, NULL),
(15, 'ΔΙΑΒΙΒΑΣΗ ΦΑΚΕΛΟΥ ΑΠΟ ΔΙΟΙΚΗΤΙΚΗ ΑΡΧΗ', NULL, NULL, NULL, 13826810, NULL, NULL, NULL, NULL, NULL, NULL, NULL, NULL, NULL, NULL, NULL, NULL, NULL, NULL, NULL, NULL, NULL, NULL, NULL, NULL, NULL),
(16, 'ΠΟΡΕΙΑ ΜΗΝΥΣΗΣ', NULL, NULL, NULL, 13353215, NULL, NULL, NULL, NULL, NULL, NULL, NULL, NULL, NULL, NULL, NULL, NULL, NULL, NULL, NULL, NULL, NULL, NULL, NULL, NULL, NULL),
(17, 'ΜΕΤΑΓΡΑΦΗ ΠΡΑΞΕΩΝ ΣΕ ΥΠΟΘΗΚΟΦΥΛΑΚΕΙΟ', NULL, NULL, NULL, 16777184, 'υποθηκοφυλακείο', NULL, NULL, NULL, NULL, NULL, NULL, NULL, NULL, NULL, 'select descr from courts where type = 2', NULL, NULL, NULL, NULL, NULL, NULL, NULL, NULL, NULL, NULL),
(18, 'ΚΑΤΑΘΕΣΗ ΕΓΓΡΑΦΩΝ - ΠΡΑΞΕΙΣ ΣΕ ΚΤΗΜ/ΓΙΚΟ ΓΡΑΦΕΙΟ', NULL, NULL, NULL, 11200750, NULL, NULL, NULL, NULL, NULL, NULL, NULL, NULL, NULL, NULL, NULL, NULL, NULL, NULL, NULL, NULL, NULL, NULL, NULL, NULL, NULL),
(20, 'ΕΡΕΥΝΑ ΣΕ ΚΤΗΜΑΤΟΛΟΓΙΚΟ ΓΡΑΦΕΙΟ', NULL, NULL, NULL, 16777215, 'κτηματολογικό γραφείο', NULL, NULL, NULL, NULL, NULL, NULL, NULL, NULL, NULL, 'select descr from courts where type = 3', NULL, NULL, NULL, NULL, NULL, NULL, NULL, NULL, NULL, NULL),
(21, 'ΚΑΤΑΘΕΣΗ ΦΑΚΕΛΟΥ ΣΕ ΓΡΑΦΕΙΟ ΚΤΗΜΑΤΟΓΡΑΦΗΣΗΣ', NULL, NULL, NULL, 16777215, 'γραφείο κτηματογράφησης', NULL, NULL, NULL, NULL, NULL, NULL, NULL, NULL, NULL, 'select descr from courts where type = 4', NULL, NULL, NULL, NULL, NULL, NULL, NULL, NULL, NULL, NULL),
(24, 'ΠΩΛΗΣΗ HARDWARE', 'HARDWARE SALE', '', '', 0, 'Είδος', 'Κόστος', 'Ετος κυκλοφορίας', 'Κωδικός είδους', NULL, NULL, NULL, NULL, NULL, NULL, NULL, NULL, NULL, NULL, NULL, NULL, NULL, NULL, NULL, NULL, ''),
(25, 'ΠΩΛΗΣΗ ΛΟΓΙΣΜΙΚΩΝ', 'SOFTWARE SALE', '', '', 0, 'Είδος', 'Κόστος', 'Κωδικός', '', '', '', '', '', '', '', '', '', '', '', '', '', '', '', '', '', '');

-- --------------------------------------------------------

--
-- Δομή πίνακα για τον πίνακα `sendtype`
--

CREATE TABLE IF NOT EXISTS `sendtype` (
  `id` int(11) NOT NULL,
  `descr` varchar(50) DEFAULT NULL
) ENGINE=MyISAM AUTO_INCREMENT=6 DEFAULT CHARSET=utf8;

--
-- Άδειασμα δεδομένων του πίνακα `sendtype`
--

INSERT INTO `sendtype` (`id`, `descr`) VALUES
(1, 'COURIER'),
(2, 'ΕΛΤΑ'),
(3, 'FAX'),
(4, 'E-MAIL');

-- --------------------------------------------------------

--
-- Δομή πίνακα για τον πίνακα `settings`
--

CREATE TABLE IF NOT EXISTS `settings` (
  `id` int(11) NOT NULL,
  `programtitle` varchar(50) DEFAULT NULL,
  `officetitle` varchar(255) DEFAULT NULL,
  `officesubtitle` varchar(255) DEFAULT NULL,
  `officestreet` varchar(50) DEFAULT NULL,
  `officezipcode` varchar(50) DEFAULT NULL,
  `officecity` varchar(50) DEFAULT NULL,
  `lbltopmargin` double DEFAULT '0',
  `lblbottommargin` double DEFAULT '0',
  `lblleftmargin` double DEFAULT '0',
  `lblrightmargin` double DEFAULT '0',
  `lblheight` double DEFAULT '0',
  `lblwidth` double DEFAULT '0',
  `lblspace` double DEFAULT '0',
  `lblrownumber` double DEFAULT '0',
  `lblcolnumber` double DEFAULT '0',
  `lbltitle` varchar(255) DEFAULT NULL,
  `envelopewidth` double DEFAULT '0',
  `envelopeheight` double DEFAULT '0',
  `envelopepreprinted` smallint(6) DEFAULT '0',
  `officetime` text,
  `officewhether` text,
  `extdial` varchar(50) DEFAULT NULL,
  `version` varchar(20) DEFAULT NULL,
  `align` int(11) DEFAULT '0',
  `serialnumber` varchar(100) DEFAULT NULL
) ENGINE=MyISAM AUTO_INCREMENT=2 DEFAULT CHARSET=utf8;

--
-- Άδειασμα δεδομένων του πίνακα `settings`
--

INSERT INTO `settings` (`id`, `programtitle`, `officetitle`, `officesubtitle`, `officestreet`, `officezipcode`, `officecity`, `lbltopmargin`, `lblbottommargin`, `lblleftmargin`, `lblrightmargin`, `lblheight`, `lblwidth`, `lblspace`, `lblrownumber`, `lblcolnumber`, `lbltitle`, `envelopewidth`, `envelopeheight`, `envelopepreprinted`, `officetime`, `officewhether`, `extdial`, `version`, `align`, `serialnumber`) VALUES
(1, 'CRM', 'Legal Services', 'CRM', '', '', 'Athens', 1.3, 1, 0.35, 0.35, 3.39, 6.6, 0.25, 3, 8, 'Α4 Ετικέτες Αλληλογραφίας', 11.4, 22.9, 0, '<script type="text/javascript">$(function(){$("#clock3").MyDigitClock({fontSize:20,fontColor:"#736F6E",background:"#fff",fontWeight:"bold",timeFormat:''{HH}:{MM}''});});</script>', '<script type="text/javascript">$(document).ready(function () {$(''#whether'').weatherfeed([''GRXX0004'']);});</script>', NULL, '1.2.2', 1, '9136-0039-5315-0665');

-- --------------------------------------------------------

--
-- Δομή πίνακα για τον πίνακα `status`
--

CREATE TABLE IF NOT EXISTS `status` (
  `id` int(11) NOT NULL,
  `descr` varchar(50) DEFAULT NULL
) ENGINE=MyISAM AUTO_INCREMENT=7 DEFAULT CHARSET=utf8;

--
-- Άδειασμα δεδομένων του πίνακα `status`
--

INSERT INTO `status` (`id`, `descr`) VALUES
(1, 'ΕΚΚΡΕΜΕΙ'),
(2, 'ΥΛΟΠΟΙΗΘΗΚΕ'),
(3, 'ΑΚΥΡΩΘΗΚΕ'),
(4, 'ΑΝΑΒΛΗΘΗΚΕ'),
(5, 'ΠΑΡΑΠΕΜΦΘΗΚΕ'),
(6, 'ΚΑΤΑΡΓΗΘΗΚΕ');

-- --------------------------------------------------------

--
-- Δομή πίνακα για τον πίνακα `thesaurus`
--

CREATE TABLE IF NOT EXISTS `thesaurus` (
  `id` int(11) NOT NULL,
  `descr` varchar(50) DEFAULT NULL,
  `parentid` int(11) DEFAULT '0',
  `userid` int(11) DEFAULT '0',
  `isfavorite` tinyint(1) DEFAULT '0'
) ENGINE=MyISAM AUTO_INCREMENT=192 DEFAULT CHARSET=utf8;

--
-- Άδειασμα δεδομένων του πίνακα `thesaurus`
--

INSERT INTO `thesaurus` (`id`, `descr`, `parentid`, `userid`, `isfavorite`) VALUES
(1, 'ΑΙΓΙΑΛΟΣ', NULL, NULL, NULL),
(2, 'ΑΙΜΟΜΙΞΙΑ', NULL, NULL, NULL),
(3, 'ΑΚΙΝΗΤΑ', NULL, NULL, NULL),
(4, 'ΑΚΟΛΑΣΙΑ-ΑΚΟΛΑΣΤΗ ΠΡΑΞΗ', NULL, NULL, NULL),
(5, 'ΑΛΛΗΛΟΧΡΕΟΣ ΛΟΓΑΡΙΑΣΜΟΣ (ΑστΔ-ΕμπΔ)', NULL, NULL, NULL),
(6, 'ΑΛΛΟΔΑΠΟΙ', NULL, NULL, NULL),
(7, 'ΑΝΑΚΡΙΣΗ-ΑΝΑΚΡΙΤΙΚΕΣ ΠΡΑΞΕΙΣ', NULL, NULL, NULL),
(8, 'ΑΝΗΛΙΚΟΣ', NULL, NULL, NULL),
(9, 'ΑΝΘΡΩΠΟΚΤΟΝΙΑ', NULL, NULL, NULL),
(10, 'ΑΝΤΙΠΟΙΗΣΗ ΑΡΧΗΣ', NULL, NULL, NULL),
(11, 'ΑΝΤΙΣΤΑΣΗ ΚΑΤΑ ΤΗΣ ΑΡΧΗΣ', NULL, NULL, NULL),
(12, 'ΑΠΑΓΩΓΗ', NULL, NULL, NULL),
(13, 'ΑΠΑΛΛΟΤΡΙΩΣΗ ΑΝΑΓΚΑΣΤΙΚΗ', NULL, NULL, NULL),
(14, 'ΑΠΑΤΗ (ΑστΔ)', NULL, NULL, NULL),
(15, 'ΑΠΑΤΗ (ΠοινΔ)', NULL, NULL, NULL),
(16, 'ΑΠΕΙΘΕΙΑ', NULL, NULL, NULL),
(17, 'ΑΠΕΙΛΗ (ΑστΔ)', NULL, NULL, NULL),
(18, 'ΑΠΕΙΛΗ (ΠοινΔ)', NULL, NULL, NULL),
(19, 'ΑΠΙΣΤΙΑ', NULL, NULL, NULL),
(20, 'ΑΠΟΔΟΧΗ ΠΡΟΪΟΝΤΩΝ ΕΓΚΛΗΜΑΤΟΣ', NULL, NULL, NULL),
(21, 'ΑΠΟΚΑΤΑΣΤΑΣΗ (ΠοινΔικον)', NULL, NULL, NULL),
(22, 'ΑΠΟΛΥΣΗ ΜΕ ΟΡΟΥΣ', NULL, NULL, NULL),
(23, 'ΑΠΟΠΛΑΝΗΣΗ', NULL, NULL, NULL),
(24, 'ΑΡΠΑΓΗ', NULL, NULL, NULL),
(25, 'ΑΡΡΑΒΩΝΑΣ', NULL, NULL, NULL),
(26, 'ΑΣΕΛΓΕΙΑ', NULL, NULL, NULL),
(27, 'ΑΥΤΟΔΙΚΙΑ', NULL, NULL, NULL),
(28, 'ΑΥΤΟΚΙΝΗΤΑ', NULL, NULL, NULL),
(29, 'ΑΦΑΝΕΙΑ', NULL, NULL, NULL),
(30, 'ΒΑΚΟΥΦΙΑ', NULL, NULL, NULL),
(31, 'ΒΕΒΑΙΩΣΗ ΨΕΥΔΗΣ', NULL, NULL, NULL),
(32, 'ΒΙΑ ΠΑΡΑΝΟΜΗ', NULL, NULL, NULL),
(33, 'ΒΙΑΣΜΟΣ', NULL, NULL, NULL),
(34, 'ΒΙΟΜΗΧΑΝΙΚΗ ΙΔΙΟΚΤΗΣΙΑ', NULL, NULL, NULL),
(35, 'ΓΑΜΟΣ', NULL, NULL, NULL),
(36, 'ΔΑΝΕΙΟ', NULL, NULL, NULL),
(37, 'ΔΑΣΗ', NULL, NULL, NULL),
(38, 'ΔΗΜΕΥΣΗ', NULL, NULL, NULL),
(39, 'ΔΙΑΔΙΚΤΥΟ', NULL, NULL, NULL),
(40, 'ΔΙΑΖΥΓΙΟ', NULL, NULL, NULL),
(41, 'ΔΙΑΘΗΚΗ', NULL, NULL, NULL),
(42, 'ΔΙΑΙΤΗΣΙΑ', NULL, NULL, NULL),
(43, 'ΔΙΑΚΡΙΤΙΚΟ ΓΝΩΡΙΣΜΑ', NULL, NULL, NULL),
(44, 'ΔΙΑΚΡΙΤΙΚΟΣ ΤΙΤΛΟΣ', NULL, NULL, NULL),
(45, 'ΔΙΑΝΟΜΗ', NULL, NULL, NULL),
(46, 'ΔΙΑΣΠΟΡΑ ΨΕΥΔΩΝ ΕΙΔΗΣΕΩΝ Η ΦΗΜΩΝ', NULL, NULL, NULL),
(47, 'ΔΙΑΤΑΓΗ ΑΠΟΔΟΣΗΣ ΜΙΣΘΙΟΥ', NULL, NULL, NULL),
(48, 'ΔΙΑΤΑΓΗ ΠΛΗΡΩΜΗΣ', NULL, NULL, NULL),
(49, 'ΔΙΑΤΑΡΑΞΗ ΗΣΥΧΙΑΣ', NULL, NULL, NULL),
(50, 'ΔΙΑΤΑΡΑΞΗ ΟΙKIAKΗΣ ΕΙΡΗΝΗΣ', NULL, NULL, NULL),
(51, 'ΔΙΑΤΡΟΦΗ', NULL, NULL, NULL),
(52, 'ΔΙΚΑΣΤΙΚΗ ΣΥΜΠΑΡΑΣΤΑΣΗ', NULL, NULL, NULL),
(54, 'ΔΟΥΛΕΙΕΣ', NULL, NULL, NULL),
(55, 'ΔΥΣΦΗΜΗΣΗ', NULL, NULL, NULL),
(56, 'ΔΩΡΕΑ', NULL, NULL, NULL),
(57, 'ΔΩΡΟΔΟΚΙΑ-ΔΩΡΟΛΗΨΙΑ', NULL, NULL, NULL),
(58, 'ΕΓΚΑΤΑΛΕΙΨΗ ΕΓΚΥΟΥ', NULL, NULL, NULL),
(59, 'ΕΚΒΙΑΣΗ', NULL, NULL, NULL),
(60, 'ΕΚΔΟΣΗ', NULL, NULL, NULL),
(61, 'ΕΚΘΕΣΗ', NULL, NULL, NULL),
(62, 'ΕΚΤΕΛΕΣΗ (ΔιοικΔικον)', NULL, NULL, NULL),
(63, 'ΕΚΤΕΛΕΣΗ (ΠοινΔικον)', NULL, NULL, NULL),
(64, 'ΕΚΤΕΛΕΣΗ (ΠολΔ)', NULL, NULL, NULL),
(65, 'ΕΚΤΕΛΕΣΗ ΑΛΛΟΔΑΠΗΣ ΑΠΟΦΑΣΕΩΣ', NULL, NULL, NULL),
(66, 'ΕΜΠΡΗΣΜΟΣ', NULL, NULL, NULL),
(67, 'ΕΝΕΧΥΡΟ', NULL, NULL, NULL),
(68, 'ΕΞΥΒΡΙΣΗ', NULL, NULL, NULL),
(69, 'ΕΠΑΝΑΛΗΨΗ ΔΙΑΔΙΚΑΣΙΑΣ', NULL, NULL, NULL),
(70, 'ΕΠΙΚΑΡΠΙΑ', NULL, NULL, NULL),
(71, 'ΕΠΙΣΧΕΣΗ', NULL, NULL, NULL),
(72, 'ΕΠΙΤΑΓΗ', NULL, NULL, NULL),
(73, 'ΕΡΓΑΤΙΚΕΣ ΔΙΑΦΟΡΕΣ', NULL, NULL, NULL),
(74, 'ΕΤΑΙΡΙΕΣ', NULL, NULL, NULL),
(75, 'ΕΥΡΕΣΙΤΕΧΝΙΑ-ΕΦΕΥΡΕΣΕΙΣ', NULL, NULL, NULL),
(76, 'ΖΩΑ-ΖΩΟΚΛΟΠΕΣ-ΖΩΟΚΤΟΝΙΑ', NULL, NULL, NULL),
(77, 'ΙΔΡΥΜΑΤΑ', NULL, NULL, NULL),
(78, 'ΚΑΤΑΓΓΕΛΙΑ ΣΥΜΒΑΣΕΩΣ ΕΡΓΑΣΙΑΣ', NULL, NULL, NULL),
(79, 'ΚΑΤΑΔΟΛΙΕΥΣΗ ΔΑΝΕΙΣΤΩΝ (ΑστΔ)', NULL, NULL, NULL),
(80, 'ΚΑΤΑΔΟΛΙΕΥΣΗ ΔΑΝΕΙΣΤΩΝ (ΠοινΔ)', NULL, NULL, NULL),
(81, 'ΚΑΤΑΚΡΑΤΗΣΗ ΠΑΡΑΝΟΜΗ', NULL, NULL, NULL),
(82, 'ΚΑΤΑΣΧΕΣΗ (ΠοινΔ)', NULL, NULL, NULL),
(83, 'ΚΑΤΑΣΧΕΣΗ (ΠολΔ)', NULL, NULL, NULL),
(84, 'ΚΑΤΑΧΡΗΣΗ ΕΞΟΥΣΙΑΣ', NULL, NULL, NULL),
(85, 'ΚΙΒΔΗΛΕΙΑ-ΠΑΡΑΧΑΡΑΞΗ', NULL, NULL, NULL),
(86, 'ΚΛΗΡΟΔΟΣΙΑ', NULL, NULL, NULL),
(87, 'ΚΛΗΡΟΝΟΜΗΤΗΡΙΟ', NULL, NULL, NULL),
(88, 'ΚΛΗΡΟΝΟΜΙΑ', NULL, NULL, NULL),
(89, 'ΚΛΗΤΗΡΙΟ ΘΕΣΠΙΣΜΑ', NULL, NULL, NULL),
(90, 'ΚΛΟΠΗ', NULL, NULL, NULL),
(91, 'ΚΟΙΝΟΠΡΑΞΙΑ', NULL, NULL, NULL),
(92, 'ΚΤΗΜΑΤΟΛΟΓΙΟ', NULL, NULL, NULL),
(93, 'ΚΥΡΙΟΤΗΤΑ', NULL, NULL, NULL),
(94, 'ΚΩΔΙΚΑΣ ΒΙΒΛΙΩΝ ΚΑΙ ΣΤΟΙΧΕΙΩΝ', NULL, NULL, NULL),
(95, 'ΚΩΔΙΚΑΣ ΟΔΙΚΗΣ ΚΥΚΛΟΦΟΡΙΑΣ (ΚΟΚ)', NULL, NULL, NULL),
(96, 'ΛΑΘΡΕΜΠΟΡΙΑ', NULL, NULL, NULL),
(97, 'ΛΗΣΤΕΙΑ', NULL, NULL, NULL),
(98, 'ΛΟΓΟΔΟΣΙΑ', NULL, NULL, NULL),
(99, 'ΜΑΣΤΡΟΠΕΙΑ', NULL, NULL, NULL),
(100, 'ΜΕΣΙΤΕΣ-ΜΕΣΙΤΕΙΑ', NULL, NULL, NULL),
(101, 'ΜΙΣΘΩΣΕΙΣ ΕΜΠΟΡΙΚΕΣ', NULL, NULL, NULL),
(102, 'ΜΙΣΘΩΣΗ ΕΡΓΟΥ', NULL, NULL, NULL),
(103, 'ΜΙΣΘΩΣΗ ΠΡΑΓΜΑΤΟΣ', NULL, NULL, NULL),
(104, 'ΜΝΗΣΤΕΙΑ', NULL, NULL, NULL),
(105, 'ΝΑΡΚΩΤΙΚΑ', NULL, NULL, NULL),
(106, 'ΝΑΥΛΩΣΗ', NULL, NULL, NULL),
(107, 'ΝΑΥΤΙΚΗ ΕΡΓΑΣΙΑ', NULL, NULL, NULL),
(108, 'ΝΟΘΕΥΣΗ ΕΓΓΡΑΦΩΝ', NULL, NULL, NULL),
(109, 'ΝΟΜΗ', NULL, NULL, NULL),
(110, 'ΝΟΜΙΜΗ ΜΟΙΡΑ', NULL, NULL, NULL),
(111, 'ΞΕΠΛΥΜΑ ΒΡΩΜΙΚΟΥ ΧΡΗΜΑΤΟΣ', NULL, NULL, NULL),
(112, 'ΟΙΚΟΓΕΝΕΙΑ-ΟΙΚΟΓΕΝΕΙΑΚΗ ΠΡΟΣΤΑΣΙΑ', NULL, NULL, NULL),
(113, 'ΟΙΚΟΔΟΜΕΣ-ΟΙΚΟΔΟΜΙΚΕΣ ΠΑΡΑΒΑΣΕΙΣ', NULL, NULL, NULL),
(114, 'ΟΝΟΜΑ-ΟΝΟΜΑΤΟΔΟΣΙΑ', NULL, NULL, NULL),
(115, 'ΟΠΛΑ (ΠοινΔ)', NULL, NULL, NULL),
(116, 'ΟΡΙΖΟΝΤΙΑ ΙΔΙΟΚΤΗΣΙΑ', NULL, NULL, NULL),
(117, 'ΠΑΙΔΟΚΤΟΝΙΑ', NULL, NULL, NULL),
(118, 'ΠΑΡΑΒΑΣΗ ΚΑΘΗΚΟΝΤΟΣ', NULL, NULL, NULL),
(119, 'ΠΑΡΑΒΙΑΣΗ ΟΙΚΙΑΚΟΥ ΑΣΥΛΟΥ', NULL, NULL, NULL),
(120, 'ΠΑΡΑΓΓΕΛΙΑ-ΠΑΡΑΓΓΕΛΙΟΔΟΧΟΣ', NULL, NULL, NULL),
(121, 'ΠΑΡΑΛΕΙΨΗ ΛΥΤΡΩΣΕΩΣ ΑΠΟ ΚΙΝΔΥΝΟ ΖΩΗΣ', NULL, NULL, NULL),
(122, 'ΠΑΡΑΜΕΘΟΡΙΕΣ ΠΕΡΙΟΧΕΣ', NULL, NULL, NULL),
(123, 'ΠΕΙΡΑΤΕΙΑ', NULL, NULL, NULL),
(124, 'ΠΕΡΙΥΒΡΙΣΗ ΑΡΧΗΣ', NULL, NULL, NULL),
(125, 'ΠΙΣΤΩΤΙΚΗ ΚΑΡΤΑ', NULL, NULL, NULL),
(126, 'ΠΙΣΤΩΤΙΚΟΙ ΤΙΤΛΟΙ', NULL, NULL, NULL),
(127, 'ΠΛΑΣΤΟΓΡΑΦΙΑ', NULL, NULL, NULL),
(128, 'ΠΛΕΙΣΤΗΡΙΑΣΜΟΣ', NULL, NULL, NULL),
(129, 'ΠΛΟΙΟ - ΠΛΟΙΟΚΤΗΤΗΣ', NULL, NULL, NULL),
(130, 'ΠΝΕΥΜΑΤΙΚΗ ΙΔΙΟΚΤΗΣΙΑ', NULL, NULL, NULL),
(131, 'ΠΟΛΕΟΔΟΜΙΑ-ΧΩΡΟΤΑΞΙΑ', NULL, NULL, NULL),
(132, 'ΠΟΡΝΕΙΑ', NULL, NULL, NULL),
(133, 'ΠΡΑΚΤΟΡΕΙΑ-ΠΡΑΚΤΟΡΕΣ', NULL, NULL, NULL),
(134, 'ΠΡΑΤΗΡΙΑ ΚΑΥΣΙΜΩΝ', NULL, NULL, NULL),
(135, 'ΠΡΟΣΒΟΛΗ ΤΙΜΗΣ', NULL, NULL, NULL),
(136, 'ΠΡΟΣΤΑΣΙΑ ΚΑΤΑΝΑΛΩΤΗ', NULL, NULL, NULL),
(137, 'ΠΡΟΣΤΗΣΗ', NULL, NULL, NULL),
(138, 'ΠΡΟΣΥΜΦΩΝΟ', NULL, NULL, NULL),
(139, 'ΠΡΟΣΩΠΙΚΑ ΔΕΔΟΜΕΝΑ', NULL, NULL, NULL),
(140, 'ΠΡΟΣΩΠΙΚΗ ΚΡΑΤΗΣΗ', NULL, NULL, NULL),
(141, 'ΠΡΟΣΩΠΙΚΟΤΗΤΑ', NULL, NULL, NULL),
(142, 'ΠΡΟΣΩΡΙΝΗ ΚΡΑΤΗΣΗ', NULL, NULL, NULL),
(143, 'ΠΤΩΧΕΥΣΗ', NULL, NULL, NULL),
(144, 'ΠΩΛΗΣΗ', NULL, NULL, NULL),
(145, 'ΣΗΜΑΤΑ', NULL, NULL, NULL),
(146, 'ΣΤΑΣΗ', NULL, NULL, NULL),
(147, 'ΣΥΜΒΑΣΗ ΕΡΓΑΣΙΑΣ', NULL, NULL, NULL),
(148, 'ΣΥΜΜΟΡΙΑ', NULL, NULL, NULL),
(149, 'ΣΥΜΠΛΟΚΗ', NULL, NULL, NULL),
(150, 'ΣΥΝΑΘΡΟΙΣΕΙΣ (ΠοινΔ)', NULL, NULL, NULL),
(151, 'ΣΥΝΑΛΛΑΓΜΑΤΙΚΗ ΓΡΑΜΜΑΤΙΟ ΣΕ ΔΙΑΤΑΓΗ', NULL, NULL, NULL),
(152, 'ΣΥΝΕΤΑΙΡΙΣΜΟΙ', NULL, NULL, NULL),
(153, 'ΣΥΝΤΑΞΕΙΣ', NULL, NULL, NULL),
(154, 'ΣΦΡΑΓΙΣΗ-ΑΠΟΣΦΡΑΓΙΣΗ', NULL, NULL, NULL),
(155, 'ΣΩΜΑΤΑ ΑΣΦΑΛΕΙΑΣ', NULL, NULL, NULL),
(156, 'ΣΩΜΑΤΕΙΑ', NULL, NULL, NULL),
(157, 'ΣΩΜΑΤΙΚΕΣ ΒΛΑΒΕΣ', NULL, NULL, NULL),
(158, 'ΤΕΚΝΑ', NULL, NULL, NULL),
(159, 'ΤΙΜΟΛΟΓΙΑ', NULL, NULL, NULL),
(160, 'ΤΟΚΟΓΛΥΦΙΑ', NULL, NULL, NULL),
(161, 'ΥΙΟΘΕΣΙΑ', NULL, NULL, NULL),
(162, 'ΥΠΕΞΑΓΩΓΗ ΕΓΓΡΑΦΩΝ', NULL, NULL, NULL),
(163, 'ΥΠΕΞΑΙΡΕΣΗ', NULL, NULL, NULL),
(164, 'ΥΠΕΡΑΚΤΙΕΣ ΕΤΑΙΡΙΕΣ', NULL, NULL, NULL),
(165, 'ΥΠΕΡΒΑΣΗ ΕΞΟΥΣΙΑΣ (ΠοινΔ)', NULL, NULL, NULL),
(166, 'ΥΠΟΘΑΛΨΗ ΕΓΚΛΗΜΑΤΙΩΝ', NULL, NULL, NULL),
(167, 'ΥΠΟΘΗΚΗ', NULL, NULL, NULL),
(168, 'ΥΠΟΘΗΚΗ ΝΑΥΤΙΚΗ', NULL, NULL, NULL),
(169, 'ΥΠΟΤΡΟΠΗ', NULL, NULL, NULL),
(170, 'ΥΦΑΙΡΕΣΗ', NULL, NULL, NULL),
(171, 'ΦΘΟΡΑ ΞΕΝΗΣ ΙΔΙΟΚΤΗΣΙΑΣ', NULL, NULL, NULL),
(172, 'ΦΟΡΟΔΙΑΦΥΓΗ', NULL, NULL, NULL),
(173, 'ΦΟΡΟΛΟΓΙΑ ΔΗΜΟΤΙΚΗ-ΚΟΙΝΟΤΙΚΗ', NULL, NULL, NULL),
(174, 'ΦΟΡΟΛΟΓΙΑ ΕΙΣΟΔΗΜΑΤΟΣ', NULL, NULL, NULL),
(175, 'ΦΟΡΟΛΟΓΙΑ ΚΕΝΤΡΩΝ ΔΙΑΣΚΕΔΑΣΕΩΣ', NULL, NULL, NULL),
(176, 'ΦΟΡΟΛΟΓΙΑ ΚΛΗΡΟΝΟΜΙΩΝ', NULL, NULL, NULL),
(177, 'ΦΟΡΟΛΟΓΙΑ ΜΕΓΑΛΗΣ ΑΚΙΝΗΤΗΣ ΠΕΡΙΟΥΣΙΑΣ', NULL, NULL, NULL),
(178, 'ΦΟΡΟΛΟΓΙΑ ΜΕΤΑΒΙΒΑΣΕΩΣ ΑΚΙΝΗΤΩΝ', NULL, NULL, NULL),
(179, 'ΦΟΡΟΛΟΓΙΑ ΠΛΟΙΩΝ', NULL, NULL, NULL),
(180, 'ΦΟΡΟΛΟΓΙΑ ΣΤΗ ΣΥΓΚΕΝΤΡΩΣΗ ΚΕΦΑΛΑΙΩΝ', NULL, NULL, NULL),
(181, 'ΦΟΡΟΛΟΓΙΑ ΣΤΗΝ ΥΠΕΡΑΞΙΑ ΤΩΝ ΑΚΙΝΗΤΩΝ', NULL, NULL, NULL),
(182, 'ΦΟΡΟΛΟΓΙΚΕΣ ΠΑΡΑΒΑΣΕΙΣ (ΠοινΔ)', NULL, NULL, NULL),
(183, 'ΦΟΡΟΣ ΠΡΟΣΤΙΘΕΜΕΝΗΣ ΑΞΙΑΣ', NULL, NULL, NULL),
(184, 'ΦΟΡΤΩΤΙΚΗ', NULL, NULL, NULL),
(185, 'ΦΥΓΟΔΙΚΟΙ-ΦΥΓΟΠΟΙΝΟΙ', NULL, NULL, NULL),
(186, 'ΧΡΕΟΓΡΑΦΑ', NULL, NULL, NULL),
(187, 'ΧΡΗΣΙΔΑΝΕΙΟ', NULL, NULL, NULL),
(188, 'ΧΡΗΣΙΚΤΗΣΙΑ', NULL, NULL, NULL),
(189, 'ΨΕΥΔΗΣ ΑΝΩΜΟΤΗ ΚΑΤΑΘΕΣΗ', NULL, NULL, NULL),
(190, 'ΨΕΥΔΗΣ ΚΑΤΑΜΗΝΥΣΗ', NULL, NULL, NULL),
(191, 'ΨΕΥΔΟΡΚΙΑ', NULL, NULL, NULL);

-- --------------------------------------------------------

--
-- Δομή πίνακα για τον πίνακα `useraccess`
--

CREATE TABLE IF NOT EXISTS `useraccess` (
  `id` int(11) NOT NULL,
  `userid` smallint(6) DEFAULT '0',
  `moduleid` smallint(6) DEFAULT '0',
  `modview` varchar(100) DEFAULT NULL,
  `modviewcode` varchar(50) DEFAULT NULL,
  `permit` tinyint(1) NOT NULL DEFAULT '0'
) ENGINE=MyISAM AUTO_INCREMENT=561 DEFAULT CHARSET=utf8;

--
-- Άδειασμα δεδομένων του πίνακα `useraccess`
--

INSERT INTO `useraccess` (`id`, `userid`, `moduleid`, `modview`, `modviewcode`, `permit`) VALUES
(1, 1, 1, 'Πρόσωπα', 'person', 1),
(2, 1, 1, 'Νέο Πρόσωπο', 'insertperson', 1),
(3, 1, 1, 'Κατάλογος Προσώπων', 'personsearch', 1),
(4, 1, 1, 'Αναβάθμιση Προσώπου', 'updateperson3', 1),
(5, 1, 1, 'Διαγραφή Προσώπου', 'deleteperson3', 1),
(6, 1, 2, 'Υποθέσεις', 'matters', 1),
(7, 1, 2, 'Νέα Υπόθεση', 'insertmatter', 1),
(8, 1, 2, 'Κατάλογος Υποθέσεων', 'mattersearch', 1),
(9, 1, 2, 'Αναβάθμιση Υπόθεσης', 'updatematter3', 1),
(11, 1, 2, 'Εμπλεκόμενα Πρόσωπα', 'matterperson', 1),
(12, 1, 2, 'Προσθήκη Εμπλεκόμενου Προσώπου', 'matterpersoninsert1', 1),
(13, 1, 2, 'Αλλαγή Εμπλεκομένου Προσώπου', 'matterpersonupdate1', 1),
(14, 1, 2, 'Διαγραφή Εμπλεκομένου Προσώπου', 'matterpersondelete1', 1),
(15, 1, 2, 'Διαγραφή Υπόθεσης', 'deletematter3', 1),
(16, 1, 3, 'Κινήσεις', 'tasks', 1),
(17, 1, 3, 'Νέα Κίνηση', 'inserttask', 1),
(18, 1, 3, 'Κατάλογος Κινήσεων', 'tasksearch', 1),
(19, 1, 3, 'Προβολή Αναβάθμισης Κίνησης', 'updatetask1', 1),
(20, 1, 3, 'Εκτέλεση Αναβάθμισης Κίνησης', 'updatetask2', 1),
(21, 1, 3, 'Διαγραφή Κίνησης', 'deletetask1', 1),
(22, 1, 4, 'Χρεώσεις', 'billing', 1),
(23, 1, 4, 'Νέα Είσπραξη', 'insertincome', 1),
(24, 1, 4, 'Νέα Δαπάνη', 'insertexpense', 1),
(25, 1, 4, 'Νέο Εξοδο Γραφείου', 'insertofficeexpense', 1),
(26, 1, 4, 'Κατάλογος Χρεώσεων', 'billingsearch', 1),
(27, 1, 4, 'Αναβάθμιση Είσπραξης', 'updateincome1', 1),
(28, 1, 4, 'Αναβάθμιση Δαπάνης', 'updateexpense1', 1),
(29, 1, 4, 'Αναβάθμιση Εξοδου Γραφείου', 'updateofficeexpense1', 1),
(30, 1, 4, 'Aναβάθμιση Χρέωσης', 'updatebill1', 1),
(31, 1, 4, 'Διαγραφή Χρέωσης', 'deletebill1', 1),
(32, 1, 5, 'Αρχεία', 'files', 1),
(33, 1, 5, 'Εισαγωγή Αρχείου', 'insertfile', 1),
(34, 1, 5, 'Κατάλογος Αρχείων', 'filesearch', 1),
(35, 1, 5, 'Αναβάθμιση Στοιχείων Αρχείου', 'updatefile1', 1),
(36, 1, 5, 'Κατέβασμα Αρχείου', 'download', 1),
(37, 1, 5, 'Διαγραφή Αρχείου', 'deletefile1', 1),
(38, 1, 6, 'Πρωτόκολλο', 'protocol', 1),
(39, 1, 6, 'Νέο Εισερχόμενο Πρωτόκολλο', 'incomingprotocol', 1),
(40, 1, 6, 'Νέο Εξερχόμενο Πρωτόκολλο', 'outgoingprotocol', 1),
(41, 1, 6, 'Κατάλογος Πρωτοκόλλων', 'protocolsearch', 1),
(42, 1, 6, 'Αναβάθμιση Πρωτοκόλλων', 'updateprotocol1', 1),
(43, 1, 6, 'Διαγραφή Πρωτοκόλλων', 'deleteprotocol', 1),
(44, 1, 7, 'Διαχείριση', 'adminsettings', 1),
(475, 2, 1, 'Πρόσωπα', 'person', 1),
(476, 2, 1, 'Νέο Πρόσωπο', 'insertperson', 1),
(477, 2, 1, 'Κατάλογος Προσώπων', 'personsearch', 1),
(478, 2, 1, 'Αναβάθμιση Προσώπου', 'updateperson3', 0),
(479, 2, 1, 'Διαγραφή Προσώπου', 'deleteperson3', 1),
(480, 2, 2, 'Υποθέσεις', 'matters', 1),
(481, 2, 2, 'Νέα Υπόθεση', 'insertmatter', 1),
(482, 2, 2, 'Κατάλογος Υποθέσεων', 'mattersearch', 1),
(483, 2, 2, 'Αναβάθμιση Υπόθεσης', 'updatematter3', 0),
(484, 2, 2, 'Εμπλεκόμενα Πρόσωπα', 'matterperson', 1),
(485, 2, 2, 'Προσθήκη Εμπλεκόμενου Προσώπου', 'matterpersoninsert1', 1),
(486, 2, 2, 'Αλλαγή Εμπλεκομένου Προσώπου', 'matterpersonupdate1', 0),
(487, 2, 2, 'Διαγραφή Εμπλεκομένου Προσώπου', 'matterpersondelete1', 0),
(488, 2, 2, 'Διαγραφή Υπόθεσης', 'deletematter3', 0),
(489, 2, 3, 'Κινήσεις', 'tasks', 1),
(490, 2, 3, 'Νέα Κίνηση', 'inserttask', 1),
(491, 2, 3, 'Κατάλογος Κινήσεων', 'tasksearch', 1),
(492, 2, 3, 'Προβολή Αναβάθμισης Κίνησης', 'updatetask1', 1),
(493, 2, 3, 'Εκτέλεση Αναβάθμισης Κίνησης', 'updatetask2', 0),
(494, 2, 3, 'Διαγραφή Κίνησης', 'deletetask1', 0),
(495, 2, 4, 'Χρεώσεις', 'billing', 1),
(496, 2, 4, 'Νέα Είσπραξη', 'insertincome', 1),
(497, 2, 4, 'Νέα Δαπάνη', 'insertexpense', 1),
(498, 2, 4, 'Νέο Εξοδο Γραφείου', 'insertofficeexpense', 1),
(499, 2, 4, 'Κατάλογος Χρεώσεων', 'billingsearch', 1),
(500, 2, 4, 'Αναβάθμιση Είσπραξης', 'updateincome1', 1),
(501, 2, 4, 'Αναβάθμιση Δαπάνης', 'updateexpense1', 1),
(502, 2, 4, 'Αναβάθμιση Εξοδου Γραφείου', 'updateofficeexpense1', 1),
(503, 2, 4, 'Aναβάθμιση Χρέωσης', 'updatebill1', 0),
(504, 2, 4, 'Διαγραφή Χρέωσης', 'deletebill1', 0),
(505, 2, 5, 'Αρχεία', 'files', 1),
(506, 2, 5, 'Εισαγωγή Αρχείου', 'insertfile', 1),
(507, 2, 5, 'Κατάλογος Αρχείων', 'filesearch', 1),
(508, 2, 5, 'Αναβάθμιση Στοιχείων Αρχείου', 'updatefile1', 1),
(509, 2, 5, 'Κατέβασμα Αρχείου', 'download', 1),
(510, 2, 5, 'Διαγραφή Αρχείου', 'deletefile1', 0),
(511, 2, 6, 'Πρωτόκολλο', 'protocol', 1),
(512, 2, 6, 'Νέο Εισερχόμενο Πρωτόκολλο', 'incomingprotocol', 1),
(513, 2, 6, 'Νέο Εξερχόμενο Πρωτόκολλο', 'outgoingprotocol', 1),
(514, 2, 6, 'Κατάλογος Πρωτοκόλλων', 'protocolsearch', 1),
(515, 2, 6, 'Αναβάθμιση Πρωτοκόλλων', 'updateprotocol1', 0),
(516, 2, 6, 'Διαγραφή Πρωτοκόλλων', 'deleteprotocol', 0),
(517, 2, 7, 'Διαχείριση', 'adminsettings', 0);

-- --------------------------------------------------------

--
-- Δομή πίνακα για τον πίνακα `users`
--

CREATE TABLE IF NOT EXISTS `users` (
  `id` int(20) NOT NULL,
  `full_name` varchar(200) NOT NULL,
  `user_name` varchar(200) NOT NULL,
  `user_pwd` varchar(200) NOT NULL,
  `user_email` varchar(200) CHARACTER SET latin1 COLLATE latin1_general_ci NOT NULL DEFAULT '',
  `activation_code` int(10) NOT NULL DEFAULT '0',
  `joined` date NOT NULL DEFAULT '0000-00-00',
  `country` varchar(100) CHARACTER SET latin1 COLLATE latin1_general_ci NOT NULL DEFAULT '',
  `user_activated` int(1) NOT NULL DEFAULT '0'
) ENGINE=MyISAM AUTO_INCREMENT=3 DEFAULT CHARSET=utf8;

--
-- Άδειασμα δεδομένων του πίνακα `users`
--

INSERT INTO `users` (`id`, `full_name`, `user_name`, `user_pwd`, `user_email`, `activation_code`, `joined`, `country`, `user_activated`) VALUES
(1, 'Administrator', 'admin', '21232f297a57a5a743894a0e4a801fc3', 'admin@example.com', 3691, '2009-03-19', 'Greece', 1),
(2, 'User', 'user', 'ee11cbb19052e40b07aac0ca060c23ee', 'demo@domain.com', 4067, '2011-02-03', 'UK', 1);

--
-- Ευρετήρια για άχρηστους πίνακες
--

--
-- Ευρετήρια για πίνακα `actiontype`
--
ALTER TABLE `actiontype`
  ADD PRIMARY KEY (`id`), ADD UNIQUE KEY `id` (`id`);

--
-- Ευρετήρια για πίνακα `attributes`
--
ALTER TABLE `attributes`
  ADD UNIQUE KEY `id` (`id`);

--
-- Ευρετήρια για πίνακα `case2action`
--
ALTER TABLE `case2action`
  ADD PRIMARY KEY (`id`);

--
-- Ευρετήρια για πίνακα `casenotes`
--
ALTER TABLE `casenotes`
  ADD PRIMARY KEY (`id`), ADD UNIQUE KEY `id` (`id`);

--
-- Ευρετήρια για πίνακα `cases`
--
ALTER TABLE `cases`
  ADD PRIMARY KEY (`id`);

--
-- Ευρετήρια για πίνακα `casetoperson`
--
ALTER TABLE `casetoperson`
  ADD PRIMARY KEY (`id`);

--
-- Ευρετήρια για πίνακα `casetype`
--
ALTER TABLE `casetype`
  ADD UNIQUE KEY `id` (`id`);

--
-- Ευρετήρια για πίνακα `categories`
--
ALTER TABLE `categories`
  ADD PRIMARY KEY (`id`), ADD KEY `id` (`id`);

--
-- Ευρετήρια για πίνακα `courts`
--
ALTER TABLE `courts`
  ADD UNIQUE KEY `id` (`id`), ADD KEY `Auto_Increment_Key` (`id`);

--
-- Ευρετήρια για πίνακα `doctype`
--
ALTER TABLE `doctype`
  ADD UNIQUE KEY `id` (`id`), ADD KEY `Auto_Increment_Key` (`id`);

--
-- Ευρετήρια για πίνακα `document`
--
ALTER TABLE `document`
  ADD PRIMARY KEY (`id`), ADD UNIQUE KEY `id` (`id`);

--
-- Ευρετήρια για πίνακα `doy`
--
ALTER TABLE `doy`
  ADD UNIQUE KEY `id` (`id`);

--
-- Ευρετήρια για πίνακα `modules`
--
ALTER TABLE `modules`
  ADD UNIQUE KEY `id` (`id`), ADD KEY `Auto_Increment_Key` (`id`);

--
-- Ευρετήρια για πίνακα `officeexptype`
--
ALTER TABLE `officeexptype`
  ADD PRIMARY KEY (`id`), ADD UNIQUE KEY `id` (`id`);

--
-- Ευρετήρια για πίνακα `person`
--
ALTER TABLE `person`
  ADD PRIMARY KEY (`id`), ADD UNIQUE KEY `id` (`id`);

--
-- Ευρετήρια για πίνακα `personnotes`
--
ALTER TABLE `personnotes`
  ADD PRIMARY KEY (`id`);

--
-- Ευρετήρια για πίνακα `proceduretypes`
--
ALTER TABLE `proceduretypes`
  ADD UNIQUE KEY `id` (`id`);

--
-- Ευρετήρια για πίνακα `sendtype`
--
ALTER TABLE `sendtype`
  ADD PRIMARY KEY (`id`), ADD UNIQUE KEY `id` (`id`);

--
-- Ευρετήρια για πίνακα `settings`
--
ALTER TABLE `settings`
  ADD UNIQUE KEY `id` (`id`), ADD KEY `Auto_Increment_Key` (`id`);

--
-- Ευρετήρια για πίνακα `status`
--
ALTER TABLE `status`
  ADD PRIMARY KEY (`id`), ADD UNIQUE KEY `id` (`id`);

--
-- Ευρετήρια για πίνακα `thesaurus`
--
ALTER TABLE `thesaurus`
  ADD UNIQUE KEY `id` (`id`);

--
-- Ευρετήρια για πίνακα `useraccess`
--
ALTER TABLE `useraccess`
  ADD UNIQUE KEY `id` (`id`);

--
-- Ευρετήρια για πίνακα `users`
--
ALTER TABLE `users`
  ADD PRIMARY KEY (`id`);

--
-- AUTO_INCREMENT για άχρηστους πίνακες
--

--
-- AUTO_INCREMENT για πίνακα `attributes`
--
ALTER TABLE `attributes`
  MODIFY `id` int(11) NOT NULL AUTO_INCREMENT,AUTO_INCREMENT=21;
--
-- AUTO_INCREMENT για πίνακα `case2action`
--
ALTER TABLE `case2action`
  MODIFY `id` int(11) NOT NULL AUTO_INCREMENT;
--
-- AUTO_INCREMENT για πίνακα `casenotes`
--
ALTER TABLE `casenotes`
  MODIFY `id` int(11) NOT NULL AUTO_INCREMENT;
--
-- AUTO_INCREMENT για πίνακα `cases`
--
ALTER TABLE `cases`
  MODIFY `id` int(11) NOT NULL AUTO_INCREMENT;
--
-- AUTO_INCREMENT για πίνακα `casetoperson`
--
ALTER TABLE `casetoperson`
  MODIFY `id` int(11) NOT NULL AUTO_INCREMENT;
--
-- AUTO_INCREMENT για πίνακα `casetype`
--
ALTER TABLE `casetype`
  MODIFY `id` int(11) NOT NULL AUTO_INCREMENT,AUTO_INCREMENT=7;
--
-- AUTO_INCREMENT για πίνακα `categories`
--
ALTER TABLE `categories`
  MODIFY `id` int(11) NOT NULL AUTO_INCREMENT,AUTO_INCREMENT=7;
--
-- AUTO_INCREMENT για πίνακα `courts`
--
ALTER TABLE `courts`
  MODIFY `id` int(11) NOT NULL AUTO_INCREMENT,AUTO_INCREMENT=1037;
--
-- AUTO_INCREMENT για πίνακα `doctype`
--
ALTER TABLE `doctype`
  MODIFY `id` int(11) NOT NULL AUTO_INCREMENT,AUTO_INCREMENT=45;
--
-- AUTO_INCREMENT για πίνακα `document`
--
ALTER TABLE `document`
  MODIFY `id` int(11) NOT NULL AUTO_INCREMENT;
--
-- AUTO_INCREMENT για πίνακα `doy`
--
ALTER TABLE `doy`
  MODIFY `id` int(11) NOT NULL AUTO_INCREMENT,AUTO_INCREMENT=285;
--
-- AUTO_INCREMENT για πίνακα `modules`
--
ALTER TABLE `modules`
  MODIFY `id` int(11) NOT NULL AUTO_INCREMENT,AUTO_INCREMENT=10;
--
-- AUTO_INCREMENT για πίνακα `officeexptype`
--
ALTER TABLE `officeexptype`
  MODIFY `id` int(11) NOT NULL AUTO_INCREMENT,AUTO_INCREMENT=8;
--
-- AUTO_INCREMENT για πίνακα `person`
--
ALTER TABLE `person`
  MODIFY `id` int(11) NOT NULL AUTO_INCREMENT;
--
-- AUTO_INCREMENT για πίνακα `personnotes`
--
ALTER TABLE `personnotes`
  MODIFY `id` int(11) NOT NULL AUTO_INCREMENT;
--
-- AUTO_INCREMENT για πίνακα `proceduretypes`
--
ALTER TABLE `proceduretypes`
  MODIFY `id` int(11) NOT NULL AUTO_INCREMENT,AUTO_INCREMENT=27;
--
-- AUTO_INCREMENT για πίνακα `sendtype`
--
ALTER TABLE `sendtype`
  MODIFY `id` int(11) NOT NULL AUTO_INCREMENT,AUTO_INCREMENT=6;
--
-- AUTO_INCREMENT για πίνακα `settings`
--
ALTER TABLE `settings`
  MODIFY `id` int(11) NOT NULL AUTO_INCREMENT,AUTO_INCREMENT=2;
--
-- AUTO_INCREMENT για πίνακα `status`
--
ALTER TABLE `status`
  MODIFY `id` int(11) NOT NULL AUTO_INCREMENT,AUTO_INCREMENT=7;
--
-- AUTO_INCREMENT για πίνακα `thesaurus`
--
ALTER TABLE `thesaurus`
  MODIFY `id` int(11) NOT NULL AUTO_INCREMENT,AUTO_INCREMENT=192;
--
-- AUTO_INCREMENT για πίνακα `useraccess`
--
ALTER TABLE `useraccess`
  MODIFY `id` int(11) NOT NULL AUTO_INCREMENT,AUTO_INCREMENT=561;
--
-- AUTO_INCREMENT για πίνακα `users`
--
ALTER TABLE `users`
  MODIFY `id` int(20) NOT NULL AUTO_INCREMENT,AUTO_INCREMENT=3;
/*!40101 SET CHARACTER_SET_CLIENT=@OLD_CHARACTER_SET_CLIENT */;
/*!40101 SET CHARACTER_SET_RESULTS=@OLD_CHARACTER_SET_RESULTS */;
/*!40101 SET COLLATION_CONNECTION=@OLD_COLLATION_CONNECTION */;
